2026-06-30 21:23:00,361 [INFO] [监听] mouse 监听器已（重新）启动
2026-06-30 21:23:00,361 [INFO] [启动] 空闲 5 秒后将隐藏桌面图标；右键托盘 "显示控制面板" 可打开设置。
2026-06-30 21:23:00,478 [INFO] [监听] keyboard 监听器已（重新）启动
2026-06-30 21:23:00,561 [INFO] [状态] ACTIVE → IDLE
2026-06-30 21:23:00,687 [INFO] [状态] IDLE → ACTIVE
2026-06-30 21:23:00,895 [INFO] [UI-SYNC] UI 滞后纠正：IDLE → ACTIVE
2026-06-30 21:23:04,166 [INFO] [监听] mouse 监听器已（重新）启动
2026-06-30 21:23:04,166 [INFO] [启动] 空闲 5 秒后将隐藏桌面图标；右键托盘 "显示控制面板" 可打开设置。
2026-06-30 21:23:04,313 [INFO] [监听] keyboard 监听器已（重新）启动
2026-06-30 21:23:04,567 [INFO] [状态] ACTIVE → IDLE
2026-06-30 21:23:04,614 [INFO] [状态] IDLE → ACTIVE
2026-06-30 21:23:05,168 [INFO] [状态] ACTIVE → IDLE
2026-06-30 21:23:05,203 [INFO] [UI-SYNC] UI 滞后纠正：ACTIVE → IDLE
2026-06-30 21:23:09,776 [INFO] [状态] IDLE → HIDDEN
2026-06-30 21:23:09,915 [INFO] [UI-SYNC] UI 滞后纠正：IDLE → HIDDEN
2026-06-30 21:23:10,417 [INFO] [状态] HIDDEN → ACTIVE
2026-06-30 21:23:10,455 [INFO] [UI-SYNC] UI 滞后纠正：HIDDEN → ACTIVE
2026-06-30 21:23:10,982 [INFO] [状态] ACTIVE → IDLE
2026-06-30 21:23:11,245 [INFO] [UI-SYNC] UI 滞后纠正：ACTIVE → IDLE
2026-06-30 21:23:11,461 [INFO] [状态] IDLE → ACTIVE
2026-06-30 21:23:11,507 [INFO] [UI-SYNC] UI 滞后纠正：IDLE → ACTIVE
2026-06-30 21:23:14,588 [INFO] [状态] ACTIVE → IDLE
2026-06-30 21:23:14,593 [INFO] [UI-SYNC] UI 滞后纠正：ACTIVE → IDLE
2026-06-30 21:23:15,396 [INFO] [状态] IDLE → ACTIVE
2026-06-30 21:23:15,638 [INFO] [UI-SYNC] UI 滞后纠正：IDLE → ACTIVE
2026-06-30 21:23:15,790 [INFO] [状态] ACTIVE → IDLE
2026-06-30 21:23:15,902 [INFO] [UI-SYNC] UI 滞后纠正：ACTIVE → IDLE
2026-06-30 21:23:20,398 [INFO] [状态] IDLE → HIDDEN
2026-06-30 21:23:20,585 [INFO] [UI-SYNC] UI 滞后纠正：IDLE → HIDDEN
2026-06-30 21:23:21,697 [INFO] [状态] HIDDEN → ACTIVE
2026-06-30 21:23:21,890 [INFO] [UI-SYNC] UI 滞后纠正：HIDDEN → ACTIVE
2026-06-30 21:23:27,412 [INFO] [状态] ACTIVE → IDLE
2026-06-30 21:23:27,560 [INFO] [UI-SYNC] UI 滞后纠正：ACTIVE → IDLE
2026-06-30 21:23:28,758 [INFO] [状态] IDLE → ACTIVE
2026-06-30 21:23:28,866 [INFO] [UI-SYNC] UI 滞后纠正：IDLE → ACTIVE
2026-06-30 21:23:29,215 [INFO] [状态] ACTIVE → IDLE
2026-06-30 21:23:29,390 [INFO] [UI-SYNC] UI 滞后纠正：ACTIVE → IDLE
2026-06-30 21:23:30,021 [INFO] [状态] IDLE → ACTIVE
2026-06-30 21:23:30,169 [INFO] [UI-SYNC] UI 滞后纠正：IDLE → ACTIVE
2026-06-30 21:23:32,621 [INFO] [状态] ACTIVE → IDLE
2026-06-30 21:23:32,769 [INFO] [UI-SYNC] UI 滞后纠正：ACTIVE → IDLE
2026-06-30 21:23:32,933 [INFO] [状态] IDLE → ACTIVE
2026-06-30 21:23:33,032 [INFO] [UI-SYNC] UI 滞后纠正：IDLE → ACTIVE
2026-06-30 21:23:35,226 [INFO] [状态] ACTIVE → IDLE
2026-06-30 21:23:35,383 [INFO] [UI-SYNC] UI 滞后纠正：ACTIVE → IDLE
2026-06-30 21:23:35,581 [INFO] [状态] IDLE → ACTIVE
2026-06-30 21:23:35,645 [INFO] [UI-SYNC] UI 滞后纠正：IDLE → ACTIVE
2026-06-30 21:23:36,027 [INFO] [状态] ACTIVE → IDLE
2026-06-30 21:23:36,159 [INFO] [UI-SYNC] UI 滞后纠正：ACTIVE → IDLE
2026-06-30 21:23:36,302 [INFO] [状态] IDLE → ACTIVE
2026-06-30 21:23:36,421 [INFO] [UI-SYNC] UI 滞后纠正：IDLE → ACTIVE
2026-06-30 21:23:37,229 [INFO] [状态] ACTIVE → IDLE
2026-06-30 21:23:37,371 [INFO] [状态] IDLE → ACTIVE
2026-06-30 21:23:37,831 [INFO] [状态] ACTIVE → IDLE
2026-06-30 21:23:37,977 [INFO] [UI-SYNC] UI 滞后纠正：ACTIVE → IDLE
2026-06-30 21:23:42,438 [INFO] [状态] IDLE → HIDDEN
2026-06-30 21:23:42,509 [WARNING] [UI-SYNC] 兜底：标签与 HIDDEN 状态不一致，已强制对齐
2026-06-30 21:23:42,694 [INFO] [UI-SYNC] UI 滞后纠正：IDLE → HIDDEN
2026-06-30 21:23:45,196 [INFO] [状态] HIDDEN → ACTIVE
2026-06-30 21:23:45,310 [INFO] [UI-SYNC] UI 滞后纠正：HIDDEN → ACTIVE
2026-06-30 21:23:47,674 [INFO] [退出] 程序已结束。
2026-06-30 21:31:48,173 [INFO] [监听] mouse 监听器已（重新）启动
2026-06-30 21:31:48,173 [INFO] [启动] 空闲 5 秒后将隐藏桌面图标；右键托盘 "显示控制面板" 可打开设置。
2026-06-30 21:31:48,268 [INFO] [监听] keyboard 监听器已（重新）启动
2026-06-30 21:31:48,373 [INFO] [状态] ACTIVE → IDLE
2026-06-30 21:31:48,913 [INFO] [状态] IDLE → ACTIVE
2026-06-30 21:31:48,953 [INFO] [UI-SYNC] UI 滞后纠正：IDLE → ACTIVE
2026-06-30 21:31:49,776 [INFO] [状态] ACTIVE → IDLE
2026-06-30 21:31:49,993 [INFO] [UI-SYNC] UI 滞后纠正：ACTIVE → IDLE
2026-06-30 21:31:50,241 [INFO] [状态] IDLE → ACTIVE
2026-06-30 21:31:50,257 [INFO] [UI-SYNC] UI 滞后纠正：IDLE → ACTIVE
2026-06-30 21:31:50,778 [INFO] [状态] ACTIVE → IDLE
2026-06-30 21:31:50,782 [INFO] [UI-SYNC] UI 滞后纠正：ACTIVE → IDLE
2026-06-30 21:31:55,386 [INFO] [状态] IDLE → HIDDEN
2026-06-30 21:31:55,498 [INFO] [UI-SYNC] UI 滞后纠正：IDLE → HIDDEN
2026-06-30 21:31:56,543 [INFO] [状态] HIDDEN → ACTIVE
2026-06-30 21:31:56,803 [INFO] [UI-SYNC] UI 滞后纠正：HIDDEN → ACTIVE
2026-06-30 21:31:56,991 [INFO] [状态] ACTIVE → IDLE
2026-06-30 21:31:57,065 [INFO] [UI-SYNC] UI 滞后纠正：ACTIVE → IDLE
2026-06-30 21:31:57,190 [INFO] [状态] IDLE → ACTIVE
2026-06-30 21:31:57,252 [WARNING] [UI-SYNC] 兜底：标签与 ACTIVE 状态不一致，已强制对齐
2026-06-30 21:31:57,331 [INFO] [UI-SYNC] UI 滞后纠正：IDLE → ACTIVE
2026-06-30 21:31:58,394 [INFO] [状态] ACTIVE → IDLE
2026-06-30 21:31:58,644 [INFO] [UI-SYNC] UI 滞后纠正：ACTIVE → IDLE
2026-06-30 21:31:59,219 [INFO] [状态] IDLE → ACTIVE
2026-06-30 21:31:59,264 [WARNING] [UI-SYNC] 兜底：标签与 ACTIVE 状态不一致，已强制对齐
2026-06-30 21:31:59,434 [INFO] [UI-SYNC] UI 滞后纠正：IDLE → ACTIVE
2026-06-30 21:32:03,313 [INFO] [监听] mouse 监听器已（重新）启动
2026-06-30 21:32:03,313 [INFO] [启动] 空闲 5 秒后将隐藏桌面图标；右键托盘 "显示控制面板" 可打开设置。
2026-06-30 21:32:03,505 [INFO] [监听] keyboard 监听器已（重新）启动
2026-06-30 21:32:05,116 [INFO] [状态] ACTIVE → IDLE
2026-06-30 21:32:05,132 [INFO] [UI-SYNC] UI 滞后纠正：ACTIVE → IDLE
2026-06-30 21:32:05,507 [INFO] [状态] IDLE → ACTIVE
2026-06-30 21:32:05,645 [INFO] [UI-SYNC] UI 滞后纠正：IDLE → ACTIVE
2026-06-30 21:32:06,230 [INFO] [STARTUP] 已启用开机自启："C:\Users\Administrator\AppData\Local\Programs\Python\Python312-32\pythonw.exe" "C:\Users\Administrator\Desktop\app\main.py"
2026-06-30 21:32:06,231 [INFO] [STARTUP] 开机自启已启用
2026-06-30 21:32:07,921 [INFO] [状态] ACTIVE → IDLE
2026-06-30 21:32:07,948 [INFO] [UI-SYNC] UI 滞后纠正：ACTIVE → IDLE
2026-06-30 21:32:08,538 [INFO] [状态] IDLE → ACTIVE
2026-06-30 21:32:08,725 [INFO] [UI-SYNC] UI 滞后纠正：IDLE → ACTIVE
2026-06-30 21:32:09,324 [INFO] [状态] ACTIVE → IDLE
2026-06-30 21:32:09,504 [INFO] [UI-SYNC] UI 滞后纠正：ACTIVE → IDLE
2026-06-30 21:32:10,376 [INFO] [状态] IDLE → ACTIVE
2026-06-30 21:32:10,557 [INFO] [UI-SYNC] UI 滞后纠正：IDLE → ACTIVE
2026-06-30 21:32:22,544 [INFO] [状态] ACTIVE → IDLE
2026-06-30 21:32:22,615 [INFO] [UI-SYNC] UI 滞后纠正：ACTIVE → IDLE
2026-06-30 21:32:22,695 [INFO] [状态] IDLE → ACTIVE
2026-06-30 21:32:22,879 [INFO] [UI-SYNC] UI 滞后纠正：IDLE → ACTIVE
2026-06-30 21:32:25,749 [INFO] [状态] ACTIVE → IDLE
2026-06-30 21:32:25,752 [INFO] [UI-SYNC] UI 滞后纠正：ACTIVE → IDLE
2026-06-30 21:32:28,972 [INFO] [状态] IDLE → ACTIVE
2026-06-30 21:32:29,175 [INFO] [UI-SYNC] UI 滞后纠正：IDLE → ACTIVE
2026-06-30 21:32:32,867 [INFO] [退出] 程序已结束。
2026-07-01 01:44:47,683 [INFO] [监听] mouse 监听器已（重新）启动
2026-07-01 01:44:47,683 [INFO] [启动] 空闲 5 秒后将隐藏桌面图标；右键托盘 "显示控制面板" 可打开设置。
2026-07-01 01:44:47,805 [INFO] [监听] keyboard 监听器已（重新）启动
2026-07-01 01:44:47,884 [INFO] [状态] ACTIVE → IDLE
2026-07-01 01:44:47,909 [INFO] [状态] IDLE → ACTIVE
2026-07-01 01:44:51,102 [INFO] [状态] ACTIVE → IDLE
2026-07-01 01:44:51,235 [WARNING] [UPDATE] 检查异常: JSONDecodeError: Expecting value: line 1 column 1 (char 0)
2026-07-01 01:44:51,271 [INFO] [UI-SYNC] UI 滞后纠正：ACTIVE → IDLE
2026-07-01 01:44:53,255 [INFO] [状态] IDLE → ACTIVE
2026-07-01 01:44:53,367 [INFO] [UI-SYNC] UI 滞后纠正：IDLE → ACTIVE
2026-07-01 01:44:54,307 [INFO] [状态] ACTIVE → IDLE
2026-07-01 01:44:54,414 [INFO] [UI-SYNC] UI 滞后纠正：ACTIVE → IDLE
2026-07-01 01:44:54,583 [INFO] [监听] mouse 监听器已（重新）启动
2026-07-01 01:44:54,584 [INFO] [启动] 空闲 5 秒后将隐藏桌面图标；右键托盘 "显示控制面板" 可打开设置。
2026-07-01 01:44:54,702 [INFO] [监听] keyboard 监听器已（重新）启动
2026-07-01 01:44:54,705 [INFO] [状态] IDLE → ACTIVE
2026-07-01 01:44:54,723 [WARNING] [UI-SYNC] 兜底：标签与 ACTIVE 状态不一致，已强制对齐
2026-07-01 01:44:54,939 [INFO] [UI-SYNC] UI 滞后纠正：IDLE → ACTIVE
2026-07-01 01:44:58,714 [INFO] [状态] ACTIVE → IDLE
2026-07-01 01:44:58,848 [INFO] [UI-SYNC] UI 滞后纠正：ACTIVE → IDLE
2026-07-01 01:44:58,992 [INFO] [状态] IDLE → ACTIVE
2026-07-01 01:44:59,109 [INFO] [UI-SYNC] UI 滞后纠正：IDLE → ACTIVE
2026-07-01 01:45:02,119 [INFO] [状态] ACTIVE → IDLE
2026-07-01 01:45:02,245 [INFO] [UI-SYNC] UI 滞后纠正：ACTIVE → IDLE
2026-07-01 01:45:02,299 [INFO] [状态] IDLE → ACTIVE
2026-07-01 01:45:02,508 [INFO] [UI-SYNC] UI 滞后纠正：IDLE → ACTIVE
2026-07-01 01:45:03,722 [INFO] [状态] ACTIVE → IDLE
2026-07-01 01:45:03,818 [INFO] [UI-SYNC] UI 滞后纠正：ACTIVE → IDLE
2026-07-01 01:45:03,917 [INFO] [状态] IDLE → ACTIVE
2026-07-01 01:45:04,082 [INFO] [UI-SYNC] UI 滞后纠正：IDLE → ACTIVE
2026-07-01 01:45:10,132 [INFO] [状态] ACTIVE → IDLE
2026-07-01 01:45:10,169 [INFO] [状态] IDLE → ACTIVE
2026-07-01 01:45:10,532 [INFO] [状态] ACTIVE → IDLE
2026-07-01 01:45:10,582 [INFO] [UI-SYNC] UI 滞后纠正：ACTIVE → IDLE
2026-07-01 01:45:10,617 [INFO] [状态] IDLE → ACTIVE
2026-07-01 01:45:10,832 [WARNING] [UI-SYNC] 兜底：标签与 ACTIVE 状态不一致，已强制对齐
2026-07-01 01:45:10,832 [INFO] [UI-SYNC] UI 滞后纠正：IDLE → ACTIVE
2026-07-01 01:45:11,534 [INFO] [状态] ACTIVE → IDLE
2026-07-01 01:45:11,600 [INFO] [状态] IDLE → ACTIVE
2026-07-01 01:45:12,135 [INFO] [状态] ACTIVE → IDLE
2026-07-01 01:45:12,151 [INFO] [UI-SYNC] UI 滞后纠正：ACTIVE → IDLE
2026-07-01 01:45:12,245 [INFO] [状态] IDLE → ACTIVE
2026-07-01 01:45:12,402 [INFO] [UI-SYNC] UI 滞后纠正：IDLE → ACTIVE
2026-07-01 01:45:12,937 [INFO] [状态] ACTIVE → IDLE
2026-07-01 01:45:13,178 [INFO] [UI-SYNC] UI 滞后纠正：ACTIVE → IDLE
2026-07-01 01:45:13,234 [INFO] [状态] IDLE → ACTIVE
2026-07-01 01:45:13,441 [INFO] [UI-SYNC] UI 滞后纠正：IDLE → ACTIVE
2026-07-01 01:45:13,538 [INFO] [状态] ACTIVE → IDLE
2026-07-01 01:45:13,692 [INFO] [UI-SYNC] UI 滞后纠正：ACTIVE → IDLE
2026-07-01 01:45:13,693 [INFO] [状态] IDLE → ACTIVE
2026-07-01 01:45:13,861 [WARNING] [UI-SYNC] 兜底：标签与 ACTIVE 状态不一致，已强制对齐
2026-07-01 01:45:13,954 [INFO] [UI-SYNC] UI 滞后纠正：IDLE → ACTIVE
2026-07-01 01:45:15,141 [INFO] [状态] ACTIVE → IDLE
2026-07-01 01:45:15,271 [INFO] [UI-SYNC] UI 滞后纠正：ACTIVE → IDLE
2026-07-01 01:45:15,306 [INFO] [状态] IDLE → ACTIVE
2026-07-01 01:45:15,534 [INFO] [UI-SYNC] UI 滞后纠正：IDLE → ACTIVE
2026-07-01 01:45:15,742 [INFO] [状态] ACTIVE → IDLE
2026-07-01 01:45:15,761 [INFO] [状态] IDLE → ACTIVE
2026-07-01 01:45:16,143 [INFO] [状态] ACTIVE → IDLE
2026-07-01 01:45:16,314 [INFO] [UI-SYNC] UI 滞后纠正：ACTIVE → IDLE
2026-07-01 01:45:16,377 [INFO] [状态] IDLE → ACTIVE
2026-07-01 01:45:16,578 [INFO] [UI-SYNC] UI 滞后纠正：IDLE → ACTIVE
2026-07-01 01:45:16,744 [INFO] [状态] ACTIVE → IDLE
2026-07-01 01:45:16,842 [INFO] [UI-SYNC] UI 滞后纠正：ACTIVE → IDLE
2026-07-01 01:45:16,999 [INFO] [状态] IDLE → ACTIVE
2026-07-01 01:45:17,104 [INFO] [UI-SYNC] UI 滞后纠正：IDLE → ACTIVE
2026-07-01 01:45:17,345 [INFO] [状态] ACTIVE → IDLE
2026-07-01 01:45:17,369 [INFO] [UI-SYNC] UI 滞后纠正：ACTIVE → IDLE
2026-07-01 01:45:17,639 [INFO] [状态] IDLE → ACTIVE
2026-07-01 01:45:17,897 [INFO] [UI-SYNC] UI 滞后纠正：IDLE → ACTIVE
2026-07-01 01:45:18,547 [INFO] [状态] ACTIVE → IDLE
2026-07-01 01:45:18,675 [INFO] [UI-SYNC] UI 滞后纠正：ACTIVE → IDLE
2026-07-01 01:45:18,681 [INFO] [状态] IDLE → ACTIVE
2026-07-01 01:45:18,908 [WARNING] [UI-SYNC] 兜底：标签与 ACTIVE 状态不一致，已强制对齐
2026-07-01 01:45:18,939 [INFO] [UI-SYNC] UI 滞后纠正：IDLE → ACTIVE
2026-07-01 01:45:19,549 [INFO] [状态] ACTIVE → IDLE
2026-07-01 01:45:19,727 [INFO] [UI-SYNC] UI 滞后纠正：ACTIVE → IDLE
2026-07-01 01:45:19,738 [INFO] [状态] IDLE → ACTIVE
2026-07-01 01:45:19,914 [WARNING] [UI-SYNC] 兜底：标签与 ACTIVE 状态不一致，已强制对齐
2026-07-01 01:45:19,992 [INFO] [UI-SYNC] UI 滞后纠正：IDLE → ACTIVE
2026-07-01 01:45:20,150 [INFO] [状态] ACTIVE → IDLE
2026-07-01 01:45:20,256 [INFO] [UI-SYNC] UI 滞后纠正：ACTIVE → IDLE
2026-07-01 01:45:20,754 [INFO] [状态] IDLE → ACTIVE
2026-07-01 01:45:20,769 [INFO] [UI-SYNC] UI 滞后纠正：IDLE → ACTIVE
2026-07-01 01:45:21,153 [INFO] [状态] ACTIVE → IDLE
2026-07-01 01:45:21,295 [INFO] [UI-SYNC] UI 滞后纠正：ACTIVE → IDLE
2026-07-01 01:45:21,410 [INFO] [状态] IDLE → ACTIVE
2026-07-01 01:45:21,560 [INFO] [UI-SYNC] UI 滞后纠正：IDLE → ACTIVE
2026-07-01 01:45:21,954 [INFO] [状态] ACTIVE → IDLE
2026-07-01 01:45:22,087 [INFO] [UI-SYNC] UI 滞后纠正：ACTIVE → IDLE
2026-07-01 01:45:22,098 [INFO] [状态] IDLE → ACTIVE
2026-07-01 01:45:22,352 [INFO] [UI-SYNC] UI 滞后纠正：IDLE → ACTIVE
2026-07-01 01:45:23,156 [INFO] [状态] ACTIVE → IDLE
2026-07-01 01:45:23,410 [INFO] [UI-SYNC] UI 滞后纠正：ACTIVE → IDLE
2026-07-01 01:45:27,965 [INFO] [状态] IDLE → HIDDEN
2026-07-01 01:45:27,988 [WARNING] [UI-SYNC] 兜底：标签与 HIDDEN 状态不一致，已强制对齐
2026-07-01 01:45:28,096 [INFO] [UI-SYNC] UI 滞后纠正：IDLE → HIDDEN
2026-07-01 01:45:57,170 [INFO] [状态] HIDDEN → ACTIVE
2026-07-01 01:45:57,288 [WARNING] [UI-SYNC] 兜底：标签与 ACTIVE 状态不一致，已强制对齐
2026-07-01 01:45:57,396 [INFO] [UI-SYNC] UI 滞后纠正：HIDDEN → ACTIVE
2026-07-01 01:45:57,613 [INFO] [状态] ACTIVE → IDLE
2026-07-01 01:45:57,658 [INFO] [UI-SYNC] UI 滞后纠正：ACTIVE → IDLE
2026-07-01 01:45:58,189 [INFO] [状态] IDLE → ACTIVE
2026-07-01 01:45:58,291 [WARNING] [UI-SYNC] 兜底：标签与 ACTIVE 状态不一致，已强制对齐
2026-07-01 01:45:58,433 [INFO] [UI-SYNC] UI 滞后纠正：IDLE → ACTIVE
2026-07-01 01:45:58,816 [INFO] [状态] ACTIVE → IDLE
2026-07-01 01:45:58,947 [INFO] [UI-SYNC] UI 滞后纠正：ACTIVE → IDLE
2026-07-01 01:45:59,102 [INFO] [状态] IDLE → ACTIVE
2026-07-01 01:45:59,210 [INFO] [UI-SYNC] UI 滞后纠正：IDLE → ACTIVE
2026-07-01 01:46:06,629 [INFO] [状态] ACTIVE → IDLE
2026-07-01 01:46:06,753 [INFO] [UI-SYNC] UI 滞后纠正：ACTIVE → IDLE
2026-07-01 01:46:06,856 [INFO] [状态] IDLE → ACTIVE
2026-07-01 01:46:07,003 [INFO] [UI-SYNC] UI 滞后纠正：IDLE → ACTIVE
2026-07-01 01:46:07,630 [INFO] [状态] ACTIVE → IDLE
2026-07-01 01:46:07,705 [INFO] [状态] IDLE → ACTIVE
2026-07-01 01:46:08,232 [INFO] [状态] ACTIVE → IDLE
2026-07-01 01:46:08,327 [INFO] [UI-SYNC] UI 滞后纠正：ACTIVE → IDLE
2026-07-01 01:46:08,519 [INFO] [状态] IDLE → ACTIVE
2026-07-01 01:46:08,591 [INFO] [UI-SYNC] UI 滞后纠正：IDLE → ACTIVE
2026-07-01 01:46:09,033 [INFO] [状态] ACTIVE → IDLE
2026-07-01 01:46:09,102 [INFO] [UI-SYNC] UI 滞后纠正：ACTIVE → IDLE
2026-07-01 01:46:09,545 [INFO] [状态] IDLE → ACTIVE
2026-07-01 01:46:09,620 [INFO] [UI-SYNC] UI 滞后纠正：IDLE → ACTIVE
2026-07-01 01:46:10,035 [INFO] [状态] ACTIVE → IDLE
2026-07-01 01:46:10,150 [INFO] [UI-SYNC] UI 滞后纠正：ACTIVE → IDLE
2026-07-01 01:46:10,385 [INFO] [状态] IDLE → ACTIVE
2026-07-01 01:46:10,412 [INFO] [UI-SYNC] UI 滞后纠正：IDLE → ACTIVE
2026-07-01 01:46:13,039 [INFO] [状态] ACTIVE → IDLE
2026-07-01 01:46:13,063 [INFO] [状态] IDLE → ACTIVE
2026-07-01 01:46:13,640 [INFO] [状态] ACTIVE → IDLE
2026-07-01 01:46:13,800 [INFO] [UI-SYNC] UI 滞后纠正：ACTIVE → IDLE
2026-07-01 01:46:14,017 [INFO] [状态] IDLE → ACTIVE
2026-07-01 01:46:14,051 [INFO] [UI-SYNC] UI 滞后纠正：IDLE → ACTIVE
2026-07-01 01:46:19,450 [INFO] [状态] ACTIVE → IDLE
2026-07-01 01:46:19,513 [INFO] [UI-SYNC] UI 滞后纠正：ACTIVE → IDLE
2026-07-01 01:46:19,969 [INFO] [状态] IDLE → ACTIVE
2026-07-01 01:46:20,041 [INFO] [UI-SYNC] UI 滞后纠正：IDLE → ACTIVE
2026-07-01 01:46:20,853 [INFO] [状态] ACTIVE → IDLE
2026-07-01 01:46:21,099 [INFO] [UI-SYNC] UI 滞后纠正：ACTIVE → IDLE
2026-07-01 01:46:22,074 [INFO] [状态] IDLE → ACTIVE
2026-07-01 01:46:22,138 [INFO] [UI-SYNC] UI 滞后纠正：IDLE → ACTIVE
2026-07-01 01:46:22,655 [INFO] [状态] ACTIVE → IDLE
2026-07-01 01:46:22,667 [INFO] [UI-SYNC] UI 滞后纠正：ACTIVE → IDLE
2026-07-01 01:46:22,675 [INFO] [状态] IDLE → ACTIVE
2026-07-01 01:46:22,932 [INFO] [UI-SYNC] UI 滞后纠正：IDLE → ACTIVE
2026-07-01 01:46:23,056 [INFO] [状态] ACTIVE → IDLE
2026-07-01 01:46:23,162 [INFO] [状态] IDLE → ACTIVE
2026-07-01 01:46:27,062 [INFO] [状态] ACTIVE → IDLE
2026-07-01 01:46:27,123 [INFO] [UI-SYNC] UI 滞后纠正：ACTIVE → IDLE
2026-07-01 01:46:31,671 [INFO] [状态] IDLE → HIDDEN
2026-07-01 01:46:31,844 [INFO] [UI-SYNC] UI 滞后纠正：IDLE → HIDDEN
2026-07-01 01:47:34,345 [INFO] [状态] HIDDEN → ACTIVE
2026-07-01 01:47:34,486 [INFO] [UI-SYNC] UI 滞后纠正：HIDDEN → ACTIVE
2026-07-01 01:47:35,576 [INFO] [状态] ACTIVE → IDLE
2026-07-01 01:47:35,589 [INFO] [状态] IDLE → ACTIVE
2026-07-01 01:47:35,794 [INFO] [监听] mouse 监听器已（重新）启动
2026-07-01 01:47:35,794 [INFO] [启动] 空闲 5 秒后将隐藏桌面图标；右键托盘 "显示控制面板" 可打开设置。
2026-07-01 01:47:35,916 [INFO] [监听] keyboard 监听器已（重新）启动
2026-07-01 01:47:35,976 [INFO] [状态] ACTIVE → IDLE
2026-07-01 01:47:35,994 [INFO] [状态] ACTIVE → IDLE
2026-07-01 01:47:36,069 [INFO] [UI-SYNC] UI 滞后纠正：ACTIVE → IDLE
2026-07-01 01:47:36,478 [INFO] [状态] IDLE → ACTIVE
2026-07-01 01:47:36,478 [INFO] [状态] IDLE → ACTIVE
2026-07-01 01:47:36,579 [INFO] [UI-SYNC] UI 滞后纠正：IDLE → ACTIVE
2026-07-01 01:47:36,595 [INFO] [UI-SYNC] UI 滞后纠正：IDLE → ACTIVE
2026-07-01 01:47:38,955 [INFO] [退出] 程序已结束。
2026-07-01 01:47:41,020 [INFO] [退出] 程序已结束。
2026-07-01 01:47:42,738 [INFO] [监听] mouse 监听器已（重新）启动
2026-07-01 01:47:42,739 [INFO] [启动] 空闲 5 秒后将隐藏桌面图标；右键托盘 "显示控制面板" 可打开设置。
2026-07-01 01:47:42,819 [INFO] [监听] keyboard 监听器已（重新）启动
2026-07-01 01:47:42,939 [INFO] [状态] ACTIVE → IDLE
2026-07-01 01:47:43,123 [INFO] [状态] IDLE → ACTIVE
2026-07-01 01:47:43,259 [INFO] [UI-SYNC] UI 滞后纠正：IDLE → ACTIVE
2026-07-01 01:47:47,044 [INFO] [监听] mouse 监听器已（重新）启动
2026-07-01 01:47:47,045 [INFO] [启动] 空闲 5 秒后将隐藏桌面图标；右键托盘 "显示控制面板" 可打开设置。
2026-07-01 01:47:47,161 [INFO] [监听] keyboard 监听器已（重新）启动
2026-07-01 01:47:50,250 [INFO] [状态] ACTIVE → IDLE
2026-07-01 01:47:50,344 [INFO] [UI-SYNC] UI 滞后纠正：ACTIVE → IDLE
2026-07-01 01:47:54,316 [WARNING] [UPDATE] 检查异常: JSONDecodeError: Expecting value: line 1 column 1 (char 0)
2026-07-01 01:47:54,859 [INFO] [状态] IDLE → HIDDEN
2026-07-01 01:47:54,925 [INFO] [UI-SYNC] UI 滞后纠正：IDLE → HIDDEN
2026-07-01 01:47:56,531 [INFO] [状态] HIDDEN → ACTIVE
2026-07-01 01:47:56,719 [INFO] [UI-SYNC] UI 滞后纠正：HIDDEN → ACTIVE
2026-07-01 01:47:58,268 [INFO] [状态] ACTIVE → IDLE
2026-07-01 01:47:58,500 [INFO] [UI-SYNC] UI 滞后纠正：ACTIVE → IDLE
2026-07-01 01:47:59,014 [WARNING] [UPDATE] 检查异常: JSONDecodeError: Expecting value: line 1 column 1 (char 0)
2026-07-01 01:47:59,442 [INFO] [状态] IDLE → ACTIVE
2026-07-01 01:47:59,519 [INFO] [UI-SYNC] UI 滞后纠正：IDLE → ACTIVE
2026-07-01 12:38:02,629 [INFO] [监听] mouse 监听器已（重新）启动
2026-07-01 12:38:02,629 [INFO] [启动] 空闲 5 秒后将隐藏桌面图标；右键托盘 "显示控制面板" 可打开设置。
2026-07-01 12:38:02,710 [INFO] [监听] keyboard 监听器已（重新）启动
2026-07-01 12:38:02,830 [INFO] [状态] ACTIVE → IDLE
2026-07-01 12:38:03,114 [INFO] [状态] IDLE → ACTIVE
2026-07-01 12:38:03,150 [INFO] [UI-SYNC] UI 滞后纠正：IDLE → ACTIVE
2026-07-01 12:38:05,512 [INFO] [UPDATE] 当前 1.0.0，服务器最新 1.2.0
2026-07-01 12:38:07,237 [INFO] [状态] ACTIVE → IDLE
2026-07-01 12:38:07,501 [INFO] [UI-SYNC] UI 滞后纠正：ACTIVE → IDLE
2026-07-01 12:38:09,845 [INFO] [状态] IDLE → ACTIVE
2026-07-01 12:38:09,847 [INFO] [UI-SYNC] UI 滞后纠正：IDLE → ACTIVE
2026-07-01 12:47:52,435 [INFO] [托盘] 已加载外部图标：C:\Users\Administrator\Desktop\app\app.ico
2026-07-01 12:47:52,438 [INFO] [监听] mouse 监听器已（重新）启动
2026-07-01 12:47:52,439 [INFO] [启动] 空闲 5 秒后将隐藏桌面图标；右键托盘 "显示控制面板" 可打开设置。
2026-07-01 12:47:52,523 [INFO] [监听] keyboard 监听器已（重新）启动
2026-07-01 12:47:55,696 [INFO] [UPDATE] 当前 1.2.0，服务器最新 1.2.0
2026-07-01 12:48:01,853 [INFO] [状态] ACTIVE → IDLE
2026-07-01 12:48:02,113 [INFO] [UI-SYNC] UI 滞后纠正：ACTIVE → IDLE
2026-07-01 12:48:05,505 [INFO] [状态] IDLE → ACTIVE
2026-07-01 12:48:05,506 [WARNING] [UI-SYNC] 兜底：标签与 ACTIVE 状态不一致，已强制对齐
2026-07-01 12:48:05,543 [INFO] [UI-SYNC] UI 滞后纠正：IDLE → ACTIVE
2026-07-01 12:48:08,664 [INFO] [状态] ACTIVE → IDLE
2026-07-01 12:48:08,673 [INFO] [UI-SYNC] UI 滞后纠正：ACTIVE → IDLE
2026-07-01 12:48:09,042 [INFO] [状态] IDLE → ACTIVE
2026-07-01 12:48:09,199 [INFO] [UI-SYNC] UI 滞后纠正：IDLE → ACTIVE
2026-07-01 12:48:09,465 [INFO] [状态] ACTIVE → IDLE
2026-07-01 12:48:09,622 [INFO] [状态] IDLE → ACTIVE
2026-07-01 12:49:58,788 [INFO] [托盘] 已加载外部图标：C:\Users\Administrator\Desktop\app\app.ico
2026-07-01 12:49:58,792 [INFO] [监听] mouse 监听器已（重新）启动
2026-07-01 12:49:58,792 [INFO] [启动] 空闲 5 秒后将隐藏桌面图标；右键托盘 "显示控制面板" 可打开设置。
2026-07-01 12:49:58,893 [INFO] [监听] keyboard 监听器已（重新）启动
2026-07-01 12:49:59,193 [INFO] [状态] ACTIVE → IDLE
2026-07-01 12:49:59,261 [INFO] [状态] IDLE → ACTIVE
2026-07-01 12:50:01,648 [INFO] [UPDATE] 当前 1.2.0，服务器最新 1.2.1
2026-07-01 12:50:02,065 [INFO] [UPDATE] 当前 1.2.0，服务器最新 1.2.1
2026-07-01 20:59:08,732 [INFO] [托盘] 已加载外部图标：C:\Users\Administrator\Desktop\app\app.ico
2026-07-01 20:59:08,737 [INFO] [监听] mouse 监听器已（重新）启动
2026-07-01 20:59:08,738 [INFO] [启动] 空闲 5 秒后将隐藏桌面图标；右键托盘 "显示控制面板" 可打开设置。
2026-07-01 20:59:08,823 [INFO] [监听] keyboard 监听器已（重新）启动
2026-07-01 20:59:08,938 [INFO] [状态] ACTIVE → IDLE
2026-07-01 20:59:09,382 [INFO] [状态] IDLE → ACTIVE
2026-07-01 20:59:09,518 [INFO] [UI-SYNC] UI 滞后纠正：IDLE → ACTIVE
2026-07-01 20:59:12,607 [INFO] [UPDATE] 当前 1.2.1，服务器最新 1.2.1
2026-07-01 20:59:17,552 [INFO] [状态] ACTIVE → IDLE
2026-07-01 20:59:17,678 [INFO] [UI-SYNC] UI 滞后纠正：ACTIVE → IDLE
2026-07-01 20:59:22,160 [INFO] [状态] IDLE → HIDDEN
2026-07-01 20:59:22,287 [INFO] [UI-SYNC] UI 滞后纠正：IDLE → HIDDEN
2026-07-01 20:59:23,800 [INFO] [状态] HIDDEN → ACTIVE
2026-07-01 20:59:23,831 [INFO] [UI-SYNC] UI 滞后纠正：HIDDEN → ACTIVE
2026-07-01 20:59:24,365 [INFO] [状态] ACTIVE → IDLE
2026-07-01 20:59:24,597 [INFO] [UI-SYNC] UI 滞后纠正：ACTIVE → IDLE
2026-07-01 20:59:28,974 [INFO] [状态] IDLE → HIDDEN
2026-07-01 20:59:29,206 [INFO] [UI-SYNC] UI 滞后纠正：IDLE → HIDDEN
2026-07-01 20:59:30,259 [INFO] [状态] HIDDEN → ACTIVE
2026-07-01 20:59:30,482 [INFO] [UI-SYNC] UI 滞后纠正：HIDDEN → ACTIVE
2026-07-01 20:59:30,779 [INFO] [状态] ACTIVE → IDLE
2026-07-01 20:59:30,989 [INFO] [UI-SYNC] UI 滞后纠正：ACTIVE → IDLE
2026-07-01 20:59:35,588 [INFO] [状态] IDLE → HIDDEN
2026-07-01 20:59:35,815 [WARNING] [UI-SYNC] 兜底：标签与 HIDDEN 状态不一致，已强制对齐
2026-07-01 20:59:35,816 [INFO] [UI-SYNC] UI 滞后纠正：IDLE → HIDDEN
2026-07-01 20:59:36,167 [INFO] [状态] HIDDEN → ACTIVE
2026-07-01 20:59:36,345 [INFO] [UI-SYNC] UI 滞后纠正：HIDDEN → ACTIVE
2026-07-01 20:59:36,592 [INFO] [状态] ACTIVE → IDLE
2026-07-01 20:59:36,597 [INFO] [UI-SYNC] UI 滞后纠正：ACTIVE → IDLE
2026-07-01 20:59:38,530 [INFO] [状态] IDLE → ACTIVE
2026-07-01 20:59:38,645 [INFO] [UI-SYNC] UI 滞后纠正：IDLE → ACTIVE
2026-07-01 20:59:38,996 [INFO] [状态] ACTIVE → IDLE
2026-07-01 20:59:39,158 [INFO] [UI-SYNC] UI 滞后纠正：ACTIVE → IDLE
2026-07-01 20:59:40,519 [INFO] [状态] IDLE → ACTIVE
2026-07-01 20:59:40,694 [INFO] [UI-SYNC] UI 滞后纠正：IDLE → ACTIVE
2026-07-01 20:59:41,601 [INFO] [状态] ACTIVE → IDLE
2026-07-01 20:59:41,712 [INFO] [UI-SYNC] UI 滞后纠正：ACTIVE → IDLE
2026-07-01 20:59:46,410 [INFO] [状态] IDLE → HIDDEN
2026-07-01 20:59:46,558 [INFO] [UI-SYNC] UI 滞后纠正：IDLE → HIDDEN
2026-07-01 20:59:50,882 [INFO] [状态] HIDDEN → ACTIVE
2026-07-01 20:59:51,127 [INFO] [UI-SYNC] UI 滞后纠正：HIDDEN → ACTIVE
2026-07-01 20:59:51,419 [INFO] [状态] ACTIVE → IDLE
2026-07-01 20:59:51,645 [INFO] [UI-SYNC] UI 滞后纠正：ACTIVE → IDLE
2026-07-01 20:59:56,029 [INFO] [状态] IDLE → HIDDEN
2026-07-01 20:59:56,238 [INFO] [UI-SYNC] UI 滞后纠正：IDLE → HIDDEN
2026-07-01 20:59:59,924 [INFO] [状态] HIDDEN → ACTIVE
2026-07-01 21:00:00,097 [INFO] [UI-SYNC] UI 滞后纠正：HIDDEN → ACTIVE
2026-07-01 21:00:01,440 [INFO] [状态] ACTIVE → IDLE
2026-07-01 21:00:01,627 [INFO] [UI-SYNC] UI 滞后纠正：ACTIVE → IDLE
2026-07-01 21:00:06,048 [INFO] [状态] IDLE → HIDDEN
2026-07-01 21:00:06,246 [INFO] [UI-SYNC] UI 滞后纠正：IDLE → HIDDEN
2026-07-01 21:01:59,669 [INFO] [状态] HIDDEN → ACTIVE
2026-07-02 19:46:04,029 [INFO] [启动] 已加载空闲阈值：5 秒
2026-07-02 19:46:04,401 [WARNING] [热键] keyboard 库不可用，热键功能已禁用。请 pip install keyboard 后重启。
2026-07-02 19:46:04,446 [INFO] [托盘] 已加载外部图标：C:\Users\Administrator\Desktop\app\app.ico
2026-07-02 19:46:04,449 [INFO] [监听] mouse 监听器已（重新）启动
2026-07-02 19:46:04,450 [INFO] [启动] 空闲 5 秒后将隐藏桌面图标；右键托盘 "显示控制面板" 可打开设置。
2026-07-02 19:46:04,461 [INFO] [监听] keyboard 监听器已（重新）启动
2026-07-02 19:46:04,654 [INFO] [托盘] 已加载外部图标：C:\Users\Administrator\Desktop\app\app.ico
2026-07-02 19:46:06,674 [INFO] [状态] ACTIVE → IDLE
2026-07-02 19:46:06,754 [INFO] [UI-SYNC] UI 滞后纠正：ACTIVE → IDLE
2026-07-02 19:46:07,716 [INFO] [UPDATE] 当前 1.3.0，服务器最新 1.2.2
2026-07-02 19:46:08,371 [INFO] [状态] IDLE → ACTIVE
2026-07-02 19:46:08,461 [WARNING] [UI-SYNC] 兜底：标签与 ACTIVE 状态不一致，已强制对齐
2026-07-02 19:46:08,579 [INFO] [UI-SYNC] UI 滞后纠正：IDLE → ACTIVE
2026-07-02 19:46:11,681 [INFO] [状态] ACTIVE → IDLE
2026-07-02 19:46:11,735 [INFO] [状态] IDLE → ACTIVE
2026-07-02 19:46:13,685 [INFO] [状态] ACTIVE → IDLE
2026-07-02 19:46:13,910 [INFO] [UI-SYNC] UI 滞后纠正：ACTIVE → IDLE
2026-07-02 19:46:14,970 [INFO] [状态] IDLE → ACTIVE
2026-07-02 19:46:15,184 [INFO] [UI-SYNC] UI 滞后纠正：IDLE → ACTIVE
2026-07-02 19:46:18,493 [INFO] [状态] ACTIVE → IDLE
2026-07-02 19:46:18,714 [INFO] [UI-SYNC] UI 滞后纠正：ACTIVE → IDLE
2026-07-02 19:46:18,829 [INFO] [状态] IDLE → ACTIVE
2026-07-02 19:46:18,966 [INFO] [UI-SYNC] UI 滞后纠正：IDLE → ACTIVE
2026-07-02 19:46:21,297 [INFO] [状态] ACTIVE → IDLE
2026-07-02 19:46:21,501 [INFO] [UI-SYNC] UI 滞后纠正：ACTIVE → IDLE
2026-07-02 19:46:22,328 [INFO] [状态] IDLE → ACTIVE
2026-07-02 19:46:22,504 [WARNING] [UI-SYNC] 兜底：标签与 ACTIVE 状态不一致，已强制对齐
2026-07-02 19:46:22,519 [INFO] [UI-SYNC] UI 滞后纠正：IDLE → ACTIVE
2026-07-02 19:46:22,944 [INFO] [配置] 已保存 config.json：{'idle_seconds': 3, 'whitelist': [], 'hotkey': 'ctrl+win+h'}
2026-07-02 19:46:22,952 [INFO] [配置] 已保存 config.json：{'idle_seconds': 14, 'whitelist': [], 'hotkey': 'ctrl+win+h'}
2026-07-02 19:46:22,956 [INFO] [配置] 已保存 config.json：{'idle_seconds': 26, 'whitelist': [], 'hotkey': 'ctrl+win+h'}
2026-07-02 19:46:22,960 [INFO] [配置] 已保存 config.json：{'idle_seconds': 38, 'whitelist': [], 'hotkey': 'ctrl+win+h'}
2026-07-02 19:46:22,967 [INFO] [配置] 已保存 config.json：{'idle_seconds': 50, 'whitelist': [], 'hotkey': 'ctrl+win+h'}
2026-07-02 19:46:22,969 [INFO] [配置] 已保存 config.json：{'idle_seconds': 61, 'whitelist': [], 'hotkey': 'ctrl+win+h'}
2026-07-02 19:46:22,971 [INFO] [配置] 已保存 config.json：{'idle_seconds': 73, 'whitelist': [], 'hotkey': 'ctrl+win+h'}
2026-07-02 19:46:22,973 [INFO] [配置] 已保存 config.json：{'idle_seconds': 85, 'whitelist': [], 'hotkey': 'ctrl+win+h'}
2026-07-02 19:46:22,975 [INFO] [配置] 已保存 config.json：{'idle_seconds': 97, 'whitelist': [], 'hotkey': 'ctrl+win+h'}
2026-07-02 19:46:22,978 [INFO] [配置] 已保存 config.json：{'idle_seconds': 108, 'whitelist': [], 'hotkey': 'ctrl+win+h'}
2026-07-02 19:46:22,982 [INFO] [配置] 已保存 config.json：{'idle_seconds': 120, 'whitelist': [], 'hotkey': 'ctrl+win+h'}
2026-07-02 19:46:22,984 [INFO] [配置] 已保存 config.json：{'idle_seconds': 144, 'whitelist': [], 'hotkey': 'ctrl+win+h'}
2026-07-02 19:46:22,987 [INFO] [配置] 已保存 config.json：{'idle_seconds': 167, 'whitelist': [], 'hotkey': 'ctrl+win+h'}
2026-07-02 19:46:22,988 [INFO] [配置] 已保存 config.json：{'idle_seconds': 179, 'whitelist': [], 'hotkey': 'ctrl+win+h'}
2026-07-02 19:46:22,991 [INFO] [配置] 已保存 config.json：{'idle_seconds': 202, 'whitelist': [], 'hotkey': 'ctrl+win+h'}
2026-07-02 19:46:22,992 [INFO] [配置] 已保存 config.json：{'idle_seconds': 214, 'whitelist': [], 'hotkey': 'ctrl+win+h'}
2026-07-02 19:46:22,994 [INFO] [配置] 已保存 config.json：{'idle_seconds': 238, 'whitelist': [], 'hotkey': 'ctrl+win+h'}
2026-07-02 19:46:22,997 [INFO] [配置] 已保存 config.json：{'idle_seconds': 249, 'whitelist': [], 'hotkey': 'ctrl+win+h'}
2026-07-02 19:46:22,998 [INFO] [配置] 已保存 config.json：{'idle_seconds': 285, 'whitelist': [], 'hotkey': 'ctrl+win+h'}
2026-07-02 19:46:23,000 [INFO] [配置] 已保存 config.json：{'idle_seconds': 308, 'whitelist': [], 'hotkey': 'ctrl+win+h'}
2026-07-02 19:46:23,003 [INFO] [配置] 已保存 config.json：{'idle_seconds': 320, 'whitelist': [], 'hotkey': 'ctrl+win+h'}
2026-07-02 19:46:23,004 [INFO] [配置] 已保存 config.json：{'idle_seconds': 367, 'whitelist': [], 'hotkey': 'ctrl+win+h'}
2026-07-02 19:46:23,014 [INFO] [配置] 已保存 config.json：{'idle_seconds': 379, 'whitelist': [], 'hotkey': 'ctrl+win+h'}
2026-07-02 19:46:23,016 [INFO] [配置] 已保存 config.json：{'idle_seconds': 402, 'whitelist': [], 'hotkey': 'ctrl+win+h'}
2026-07-02 19:46:23,018 [INFO] [配置] 已保存 config.json：{'idle_seconds': 426, 'whitelist': [], 'hotkey': 'ctrl+win+h'}
2026-07-02 19:46:23,019 [INFO] [配置] 已保存 config.json：{'idle_seconds': 543, 'whitelist': [], 'hotkey': 'ctrl+win+h'}
2026-07-02 19:46:23,021 [INFO] [配置] 已保存 config.json：{'idle_seconds': 637, 'whitelist': [], 'hotkey': 'ctrl+win+h'}
2026-07-02 19:46:23,023 [INFO] [配置] 已保存 config.json：{'idle_seconds': 673, 'whitelist': [], 'hotkey': 'ctrl+win+h'}
2026-07-02 19:46:23,025 [INFO] [配置] 已保存 config.json：{'idle_seconds': 720, 'whitelist': [], 'hotkey': 'ctrl+win+h'}
2026-07-02 19:46:23,028 [INFO] [配置] 已保存 config.json：{'idle_seconds': 743, 'whitelist': [], 'hotkey': 'ctrl+win+h'}
2026-07-02 19:46:23,030 [INFO] [配置] 已保存 config.json：{'idle_seconds': 814, 'whitelist': [], 'hotkey': 'ctrl+win+h'}
2026-07-02 19:46:23,034 [INFO] [配置] 已保存 config.json：{'idle_seconds': 837, 'whitelist': [], 'hotkey': 'ctrl+win+h'}
2026-07-02 19:46:23,036 [INFO] [配置] 已保存 config.json：{'idle_seconds': 884, 'whitelist': [], 'hotkey': 'ctrl+win+h'}
2026-07-02 19:46:23,038 [INFO] [配置] 已保存 config.json：{'idle_seconds': 908, 'whitelist': [], 'hotkey': 'ctrl+win+h'}
2026-07-02 19:46:23,039 [INFO] [配置] 已保存 config.json：{'idle_seconds': 931, 'whitelist': [], 'hotkey': 'ctrl+win+h'}
2026-07-02 19:46:23,041 [INFO] [配置] 已保存 config.json：{'idle_seconds': 943, 'whitelist': [], 'hotkey': 'ctrl+win+h'}
2026-07-02 19:46:23,042 [INFO] [配置] 已保存 config.json：{'idle_seconds': 978, 'whitelist': [], 'hotkey': 'ctrl+win+h'}
2026-07-02 19:46:23,044 [INFO] [配置] 已保存 config.json：{'idle_seconds': 990, 'whitelist': [], 'hotkey': 'ctrl+win+h'}
2026-07-02 19:46:23,046 [INFO] [配置] 已保存 config.json：{'idle_seconds': 1025, 'whitelist': [], 'hotkey': 'ctrl+win+h'}
2026-07-02 19:46:23,049 [INFO] [配置] 已保存 config.json：{'idle_seconds': 1049, 'whitelist': [], 'hotkey': 'ctrl+win+h'}
2026-07-02 19:46:23,051 [INFO] [配置] 已保存 config.json：{'idle_seconds': 1084, 'whitelist': [], 'hotkey': 'ctrl+win+h'}
2026-07-02 19:46:23,052 [INFO] [配置] 已保存 config.json：{'idle_seconds': 1096, 'whitelist': [], 'hotkey': 'ctrl+win+h'}
2026-07-02 19:46:23,054 [INFO] [配置] 已保存 config.json：{'idle_seconds': 1143, 'whitelist': [], 'hotkey': 'ctrl+win+h'}
2026-07-02 19:46:23,056 [INFO] [配置] 已保存 config.json：{'idle_seconds': 1154, 'whitelist': [], 'hotkey': 'ctrl+win+h'}
2026-07-02 19:46:23,058 [INFO] [配置] 已保存 config.json：{'idle_seconds': 1178, 'whitelist': [], 'hotkey': 'ctrl+win+h'}
2026-07-02 19:46:23,062 [INFO] [配置] 已保存 config.json：{'idle_seconds': 1225, 'whitelist': [], 'hotkey': 'ctrl+win+h'}
2026-07-02 19:46:23,063 [INFO] [配置] 已保存 config.json：{'idle_seconds': 1260, 'whitelist': [], 'hotkey': 'ctrl+win+h'}
2026-07-02 19:46:23,065 [INFO] [配置] 已保存 config.json：{'idle_seconds': 1284, 'whitelist': [], 'hotkey': 'ctrl+win+h'}
2026-07-02 19:46:23,067 [INFO] [配置] 已保存 config.json：{'idle_seconds': 1307, 'whitelist': [], 'hotkey': 'ctrl+win+h'}
2026-07-02 19:46:23,069 [INFO] [配置] 已保存 config.json：{'idle_seconds': 1319, 'whitelist': [], 'hotkey': 'ctrl+win+h'}
2026-07-02 19:46:23,070 [INFO] [配置] 已保存 config.json：{'idle_seconds': 1343, 'whitelist': [], 'hotkey': 'ctrl+win+h'}
2026-07-02 19:46:23,072 [INFO] [配置] 已保存 config.json：{'idle_seconds': 1366, 'whitelist': [], 'hotkey': 'ctrl+win+h'}
2026-07-02 19:46:23,074 [INFO] [配置] 已保存 config.json：{'idle_seconds': 1378, 'whitelist': [], 'hotkey': 'ctrl+win+h'}
2026-07-02 19:46:23,076 [INFO] [配置] 已保存 config.json：{'idle_seconds': 1401, 'whitelist': [], 'hotkey': 'ctrl+win+h'}
2026-07-02 19:46:23,079 [INFO] [配置] 已保存 config.json：{'idle_seconds': 1425, 'whitelist': [], 'hotkey': 'ctrl+win+h'}
2026-07-02 19:46:23,080 [INFO] [配置] 已保存 config.json：{'idle_seconds': 1437, 'whitelist': [], 'hotkey': 'ctrl+win+h'}
2026-07-02 19:46:23,081 [INFO] [配置] 已保存 config.json：{'idle_seconds': 1448, 'whitelist': [], 'hotkey': 'ctrl+win+h'}
2026-07-02 19:46:23,083 [INFO] [配置] 已保存 config.json：{'idle_seconds': 1460, 'whitelist': [], 'hotkey': 'ctrl+win+h'}
2026-07-02 19:46:23,085 [INFO] [配置] 已保存 config.json：{'idle_seconds': 1472, 'whitelist': [], 'hotkey': 'ctrl+win+h'}
2026-07-02 19:46:23,086 [INFO] [配置] 已保存 config.json：{'idle_seconds': 1484, 'whitelist': [], 'hotkey': 'ctrl+win+h'}
2026-07-02 19:46:23,089 [INFO] [配置] 已保存 config.json：{'idle_seconds': 1495, 'whitelist': [], 'hotkey': 'ctrl+win+h'}
2026-07-02 19:46:23,091 [INFO] [配置] 已保存 config.json：{'idle_seconds': 1507, 'whitelist': [], 'hotkey': 'ctrl+win+h'}
2026-07-02 19:46:23,095 [INFO] [配置] 已保存 config.json：{'idle_seconds': 1519, 'whitelist': [], 'hotkey': 'ctrl+win+h'}
2026-07-02 19:46:23,114 [INFO] [配置] 已保存 config.json：{'idle_seconds': 1531, 'whitelist': [], 'hotkey': 'ctrl+win+h'}
2026-07-02 19:46:23,155 [INFO] [配置] 已保存 config.json：{'idle_seconds': 1542, 'whitelist': [], 'hotkey': 'ctrl+win+h'}
2026-07-02 19:46:23,158 [INFO] [配置] 已保存 config.json：{'idle_seconds': 1554, 'whitelist': [], 'hotkey': 'ctrl+win+h'}
2026-07-02 19:46:23,162 [INFO] [配置] 已保存 config.json：{'idle_seconds': 1566, 'whitelist': [], 'hotkey': 'ctrl+win+h'}
2026-07-02 19:46:23,165 [INFO] [配置] 已保存 config.json：{'idle_seconds': 1578, 'whitelist': [], 'hotkey': 'ctrl+win+h'}
2026-07-02 19:46:23,166 [INFO] [配置] 已保存 config.json：{'idle_seconds': 1589, 'whitelist': [], 'hotkey': 'ctrl+win+h'}
2026-07-02 19:46:23,169 [INFO] [配置] 已保存 config.json：{'idle_seconds': 1601, 'whitelist': [], 'hotkey': 'ctrl+win+h'}
2026-07-02 19:46:23,172 [INFO] [配置] 已保存 config.json：{'idle_seconds': 1613, 'whitelist': [], 'hotkey': 'ctrl+win+h'}
2026-07-02 19:46:23,173 [INFO] [配置] 已保存 config.json：{'idle_seconds': 1625, 'whitelist': [], 'hotkey': 'ctrl+win+h'}
2026-07-02 19:46:23,175 [INFO] [配置] 已保存 config.json：{'idle_seconds': 1625, 'whitelist': [], 'hotkey': 'ctrl+win+h'}
2026-07-02 19:46:23,176 [INFO] [配置] 已保存 config.json：{'idle_seconds': 1636, 'whitelist': [], 'hotkey': 'ctrl+win+h'}
2026-07-02 19:46:23,179 [INFO] [配置] 已保存 config.json：{'idle_seconds': 1660, 'whitelist': [], 'hotkey': 'ctrl+win+h'}
2026-07-02 19:46:23,181 [INFO] [配置] 已保存 config.json：{'idle_seconds': 1672, 'whitelist': [], 'hotkey': 'ctrl+win+h'}
2026-07-02 19:46:23,182 [INFO] [配置] 已保存 config.json：{'idle_seconds': 1695, 'whitelist': [], 'hotkey': 'ctrl+win+h'}
2026-07-02 19:46:23,185 [INFO] [配置] 已保存 config.json：{'idle_seconds': 1719, 'whitelist': [], 'hotkey': 'ctrl+win+h'}
2026-07-02 19:46:23,186 [INFO] [配置] 已保存 config.json：{'idle_seconds': 1730, 'whitelist': [], 'hotkey': 'ctrl+win+h'}
2026-07-02 19:46:23,188 [INFO] [配置] 已保存 config.json：{'idle_seconds': 1742, 'whitelist': [], 'hotkey': 'ctrl+win+h'}
2026-07-02 19:46:23,190 [INFO] [配置] 已保存 config.json：{'idle_seconds': 1766, 'whitelist': [], 'hotkey': 'ctrl+win+h'}
2026-07-02 19:46:23,192 [INFO] [配置] 已保存 config.json：{'idle_seconds': 1777, 'whitelist': [], 'hotkey': 'ctrl+win+h'}
2026-07-02 19:46:23,193 [INFO] [配置] 已保存 config.json：{'idle_seconds': 1801, 'whitelist': [], 'hotkey': 'ctrl+win+h'}
2026-07-02 19:46:23,195 [INFO] [配置] 已保存 config.json：{'idle_seconds': 1813, 'whitelist': [], 'hotkey': 'ctrl+win+h'}
2026-07-02 19:46:23,196 [INFO] [配置] 已保存 config.json：{'idle_seconds': 1836, 'whitelist': [], 'hotkey': 'ctrl+win+h'}
2026-07-02 19:46:23,198 [INFO] [配置] 已保存 config.json：{'idle_seconds': 1848, 'whitelist': [], 'hotkey': 'ctrl+win+h'}
2026-07-02 19:46:23,200 [INFO] [配置] 已保存 config.json：{'idle_seconds': 1860, 'whitelist': [], 'hotkey': 'ctrl+win+h'}
2026-07-02 19:46:23,202 [INFO] [配置] 已保存 config.json：{'idle_seconds': 1883, 'whitelist': [], 'hotkey': 'ctrl+win+h'}
2026-07-02 19:46:23,203 [INFO] [配置] 已保存 config.json：{'idle_seconds': 1907, 'whitelist': [], 'hotkey': 'ctrl+win+h'}
2026-07-02 19:46:23,205 [INFO] [配置] 已保存 config.json：{'idle_seconds': 1919, 'whitelist': [], 'hotkey': 'ctrl+win+h'}
2026-07-02 19:46:23,207 [INFO] [配置] 已保存 config.json：{'idle_seconds': 1942, 'whitelist': [], 'hotkey': 'ctrl+win+h'}
2026-07-02 19:46:23,210 [INFO] [配置] 已保存 config.json：{'idle_seconds': 1966, 'whitelist': [], 'hotkey': 'ctrl+win+h'}
2026-07-02 19:46:23,211 [INFO] [配置] 已保存 config.json：{'idle_seconds': 1977, 'whitelist': [], 'hotkey': 'ctrl+win+h'}
2026-07-02 19:46:23,219 [INFO] [配置] 已保存 config.json：{'idle_seconds': 1989, 'whitelist': [], 'hotkey': 'ctrl+win+h'}
2026-07-02 19:46:23,222 [INFO] [配置] 已保存 config.json：{'idle_seconds': 2001, 'whitelist': [], 'hotkey': 'ctrl+win+h'}
2026-07-02 19:46:23,224 [INFO] [配置] 已保存 config.json：{'idle_seconds': 2071, 'whitelist': [], 'hotkey': 'ctrl+win+h'}
2026-07-02 19:46:23,225 [INFO] [配置] 已保存 config.json：{'idle_seconds': 2154, 'whitelist': [], 'hotkey': 'ctrl+win+h'}
2026-07-02 19:46:23,227 [INFO] [配置] 已保存 config.json：{'idle_seconds': 2189, 'whitelist': [], 'hotkey': 'ctrl+win+h'}
2026-07-02 19:46:23,228 [INFO] [配置] 已保存 config.json：{'idle_seconds': 2236, 'whitelist': [], 'hotkey': 'ctrl+win+h'}
2026-07-02 19:46:23,230 [INFO] [配置] 已保存 config.json：{'idle_seconds': 2259, 'whitelist': [], 'hotkey': 'ctrl+win+h'}
2026-07-02 19:46:23,233 [INFO] [配置] 已保存 config.json：{'idle_seconds': 2271, 'whitelist': [], 'hotkey': 'ctrl+win+h'}
2026-07-02 19:46:23,234 [INFO] [配置] 已保存 config.json：{'idle_seconds': 2306, 'whitelist': [], 'hotkey': 'ctrl+win+h'}
2026-07-02 19:46:23,237 [INFO] [配置] 已保存 config.json：{'idle_seconds': 2318, 'whitelist': [], 'hotkey': 'ctrl+win+h'}
2026-07-02 19:46:23,238 [INFO] [配置] 已保存 config.json：{'idle_seconds': 2342, 'whitelist': [], 'hotkey': 'ctrl+win+h'}
2026-07-02 19:46:23,241 [INFO] [配置] 已保存 config.json：{'idle_seconds': 2377, 'whitelist': [], 'hotkey': 'ctrl+win+h'}
2026-07-02 19:46:23,243 [INFO] [配置] 已保存 config.json：{'idle_seconds': 2389, 'whitelist': [], 'hotkey': 'ctrl+win+h'}
2026-07-02 19:46:23,244 [INFO] [配置] 已保存 config.json：{'idle_seconds': 2412, 'whitelist': [], 'hotkey': 'ctrl+win+h'}
2026-07-02 19:46:23,247 [INFO] [配置] 已保存 config.json：{'idle_seconds': 2424, 'whitelist': [], 'hotkey': 'ctrl+win+h'}
2026-07-02 19:46:23,249 [INFO] [配置] 已保存 config.json：{'idle_seconds': 2459, 'whitelist': [], 'hotkey': 'ctrl+win+h'}
2026-07-02 19:46:23,251 [INFO] [配置] 已保存 config.json：{'idle_seconds': 2495, 'whitelist': [], 'hotkey': 'ctrl+win+h'}
2026-07-02 19:46:23,253 [INFO] [配置] 已保存 config.json：{'idle_seconds': 2506, 'whitelist': [], 'hotkey': 'ctrl+win+h'}
2026-07-02 19:46:23,255 [INFO] [配置] 已保存 config.json：{'idle_seconds': 2518, 'whitelist': [], 'hotkey': 'ctrl+win+h'}
2026-07-02 19:46:23,256 [INFO] [配置] 已保存 config.json：{'idle_seconds': 2530, 'whitelist': [], 'hotkey': 'ctrl+win+h'}
2026-07-02 19:46:23,259 [INFO] [配置] 已保存 config.json：{'idle_seconds': 2565, 'whitelist': [], 'hotkey': 'ctrl+win+h'}
2026-07-02 19:46:23,260 [INFO] [配置] 已保存 config.json：{'idle_seconds': 2577, 'whitelist': [], 'hotkey': 'ctrl+win+h'}
2026-07-02 19:46:23,262 [INFO] [配置] 已保存 config.json：{'idle_seconds': 2589, 'whitelist': [], 'hotkey': 'ctrl+win+h'}
2026-07-02 19:46:23,265 [INFO] [配置] 已保存 config.json：{'idle_seconds': 2624, 'whitelist': [], 'hotkey': 'ctrl+win+h'}
2026-07-02 19:46:23,266 [INFO] [配置] 已保存 config.json：{'idle_seconds': 2636, 'whitelist': [], 'hotkey': 'ctrl+win+h'}
2026-07-02 19:46:23,268 [INFO] [配置] 已保存 config.json：{'idle_seconds': 2647, 'whitelist': [], 'hotkey': 'ctrl+win+h'}
2026-07-02 19:46:23,269 [INFO] [配置] 已保存 config.json：{'idle_seconds': 2659, 'whitelist': [], 'hotkey': 'ctrl+win+h'}
2026-07-02 19:46:23,272 [INFO] [配置] 已保存 config.json：{'idle_seconds': 2671, 'whitelist': [], 'hotkey': 'ctrl+win+h'}
2026-07-02 19:46:23,274 [INFO] [配置] 已保存 config.json：{'idle_seconds': 2683, 'whitelist': [], 'hotkey': 'ctrl+win+h'}
2026-07-02 19:46:23,275 [INFO] [配置] 已保存 config.json：{'idle_seconds': 2694, 'whitelist': [], 'hotkey': 'ctrl+win+h'}
2026-07-02 19:46:23,276 [INFO] [配置] 已保存 config.json：{'idle_seconds': 2706, 'whitelist': [], 'hotkey': 'ctrl+win+h'}
2026-07-02 19:46:23,280 [INFO] [配置] 已保存 config.json：{'idle_seconds': 2718, 'whitelist': [], 'hotkey': 'ctrl+win+h'}
2026-07-02 19:46:23,284 [INFO] [配置] 已保存 config.json：{'idle_seconds': 2730, 'whitelist': [], 'hotkey': 'ctrl+win+h'}
2026-07-02 19:46:23,286 [INFO] [配置] 已保存 config.json：{'idle_seconds': 2741, 'whitelist': [], 'hotkey': 'ctrl+win+h'}
2026-07-02 19:46:23,288 [INFO] [配置] 已保存 config.json：{'idle_seconds': 2753, 'whitelist': [], 'hotkey': 'ctrl+win+h'}
2026-07-02 19:46:23,290 [INFO] [配置] 已保存 config.json：{'idle_seconds': 2765, 'whitelist': [], 'hotkey': 'ctrl+win+h'}
2026-07-02 19:46:23,292 [INFO] [配置] 已保存 config.json：{'idle_seconds': 2777, 'whitelist': [], 'hotkey': 'ctrl+win+h'}
2026-07-02 19:46:23,296 [INFO] [配置] 已保存 config.json：{'idle_seconds': 2788, 'whitelist': [], 'hotkey': 'ctrl+win+h'}
2026-07-02 19:46:23,300 [INFO] [配置] 已保存 config.json：{'idle_seconds': 2800, 'whitelist': [], 'hotkey': 'ctrl+win+h'}
2026-07-02 19:46:23,302 [INFO] [配置] 已保存 config.json：{'idle_seconds': 2812, 'whitelist': [], 'hotkey': 'ctrl+win+h'}
2026-07-02 19:46:23,308 [INFO] [配置] 已保存 config.json：{'idle_seconds': 2824, 'whitelist': [], 'hotkey': 'ctrl+win+h'}
2026-07-02 19:46:23,319 [INFO] [配置] 已保存 config.json：{'idle_seconds': 2835, 'whitelist': [], 'hotkey': 'ctrl+win+h'}
2026-07-02 19:46:23,322 [INFO] [配置] 已保存 config.json：{'idle_seconds': 2847, 'whitelist': [], 'hotkey': 'ctrl+win+h'}
2026-07-02 19:46:23,323 [INFO] [配置] 已保存 config.json：{'idle_seconds': 2859, 'whitelist': [], 'hotkey': 'ctrl+win+h'}
2026-07-02 19:46:23,329 [INFO] [配置] 已保存 config.json：{'idle_seconds': 2871, 'whitelist': [], 'hotkey': 'ctrl+win+h'}
2026-07-02 19:46:23,334 [INFO] [配置] 已保存 config.json：{'idle_seconds': 2882, 'whitelist': [], 'hotkey': 'ctrl+win+h'}
2026-07-02 19:46:23,338 [INFO] [配置] 已保存 config.json：{'idle_seconds': 2894, 'whitelist': [], 'hotkey': 'ctrl+win+h'}
2026-07-02 19:46:23,341 [INFO] [配置] 已保存 config.json：{'idle_seconds': 2906, 'whitelist': [], 'hotkey': 'ctrl+win+h'}
2026-07-02 19:46:23,346 [INFO] [配置] 已保存 config.json：{'idle_seconds': 2918, 'whitelist': [], 'hotkey': 'ctrl+win+h'}
2026-07-02 19:46:23,353 [INFO] [配置] 已保存 config.json：{'idle_seconds': 2929, 'whitelist': [], 'hotkey': 'ctrl+win+h'}
2026-07-02 19:46:23,364 [INFO] [配置] 已保存 config.json：{'idle_seconds': 2941, 'whitelist': [], 'hotkey': 'ctrl+win+h'}
2026-07-02 19:46:23,367 [INFO] [配置] 已保存 config.json：{'idle_seconds': 2953, 'whitelist': [], 'hotkey': 'ctrl+win+h'}
2026-07-02 19:46:23,369 [INFO] [配置] 已保存 config.json：{'idle_seconds': 2965, 'whitelist': [], 'hotkey': 'ctrl+win+h'}
2026-07-02 19:46:23,377 [INFO] [配置] 已保存 config.json：{'idle_seconds': 2976, 'whitelist': [], 'hotkey': 'ctrl+win+h'}
2026-07-02 19:46:23,388 [INFO] [配置] 已保存 config.json：{'idle_seconds': 2988, 'whitelist': [], 'hotkey': 'ctrl+win+h'}
2026-07-02 19:46:23,393 [INFO] [配置] 已保存 config.json：{'idle_seconds': 3000, 'whitelist': [], 'hotkey': 'ctrl+win+h'}
2026-07-02 19:46:23,396 [INFO] [配置] 已保存 config.json：{'idle_seconds': 3012, 'whitelist': [], 'hotkey': 'ctrl+win+h'}
2026-07-02 19:46:23,400 [INFO] [配置] 已保存 config.json：{'idle_seconds': 3024, 'whitelist': [], 'hotkey': 'ctrl+win+h'}
2026-07-02 19:46:23,405 [INFO] [配置] 已保存 config.json：{'idle_seconds': 3035, 'whitelist': [], 'hotkey': 'ctrl+win+h'}
2026-07-02 19:46:23,411 [INFO] [配置] 已保存 config.json：{'idle_seconds': 3047, 'whitelist': [], 'hotkey': 'ctrl+win+h'}
2026-07-02 19:46:23,413 [INFO] [配置] 已保存 config.json：{'idle_seconds': 3059, 'whitelist': [], 'hotkey': 'ctrl+win+h'}
2026-07-02 19:46:23,426 [INFO] [配置] 已保存 config.json：{'idle_seconds': 3071, 'whitelist': [], 'hotkey': 'ctrl+win+h'}
2026-07-02 19:46:23,427 [INFO] [配置] 已保存 config.json：{'idle_seconds': 3082, 'whitelist': [], 'hotkey': 'ctrl+win+h'}
2026-07-02 19:46:23,429 [INFO] [配置] 已保存 config.json：{'idle_seconds': 3094, 'whitelist': [], 'hotkey': 'ctrl+win+h'}
2026-07-02 19:46:23,431 [INFO] [配置] 已保存 config.json：{'idle_seconds': 3106, 'whitelist': [], 'hotkey': 'ctrl+win+h'}
2026-07-02 19:46:23,437 [INFO] [配置] 已保存 config.json：{'idle_seconds': 3118, 'whitelist': [], 'hotkey': 'ctrl+win+h'}
2026-07-02 19:46:23,446 [INFO] [配置] 已保存 config.json：{'idle_seconds': 3129, 'whitelist': [], 'hotkey': 'ctrl+win+h'}
2026-07-02 19:46:23,474 [INFO] [配置] 已保存 config.json：{'idle_seconds': 3141, 'whitelist': [], 'hotkey': 'ctrl+win+h'}
2026-07-02 19:46:23,480 [INFO] [配置] 已保存 config.json：{'idle_seconds': 3153, 'whitelist': [], 'hotkey': 'ctrl+win+h'}
2026-07-02 19:46:23,490 [INFO] [配置] 已保存 config.json：{'idle_seconds': 3165, 'whitelist': [], 'hotkey': 'ctrl+win+h'}
2026-07-02 19:46:23,495 [INFO] [配置] 已保存 config.json：{'idle_seconds': 3176, 'whitelist': [], 'hotkey': 'ctrl+win+h'}
2026-07-02 19:46:23,502 [INFO] [配置] 已保存 config.json：{'idle_seconds': 3188, 'whitelist': [], 'hotkey': 'ctrl+win+h'}
2026-07-02 19:46:23,504 [INFO] [配置] 已保存 config.json：{'idle_seconds': 3200, 'whitelist': [], 'hotkey': 'ctrl+win+h'}
2026-07-02 19:46:23,510 [INFO] [配置] 已保存 config.json：{'idle_seconds': 3212, 'whitelist': [], 'hotkey': 'ctrl+win+h'}
2026-07-02 19:46:23,523 [INFO] [配置] 已保存 config.json：{'idle_seconds': 3223, 'whitelist': [], 'hotkey': 'ctrl+win+h'}
2026-07-02 19:46:23,525 [INFO] [配置] 已保存 config.json：{'idle_seconds': 3223, 'whitelist': [], 'hotkey': 'ctrl+win+h'}
2026-07-02 19:46:23,527 [INFO] [配置] 已保存 config.json：{'idle_seconds': 3235, 'whitelist': [], 'hotkey': 'ctrl+win+h'}
2026-07-02 19:46:23,529 [INFO] [配置] 已保存 config.json：{'idle_seconds': 3247, 'whitelist': [], 'hotkey': 'ctrl+win+h'}
2026-07-02 19:46:23,531 [INFO] [配置] 已保存 config.json：{'idle_seconds': 3259, 'whitelist': [], 'hotkey': 'ctrl+win+h'}
2026-07-02 19:46:23,536 [INFO] [配置] 已保存 config.json：{'idle_seconds': 3270, 'whitelist': [], 'hotkey': 'ctrl+win+h'}
2026-07-02 19:46:23,541 [INFO] [配置] 已保存 config.json：{'idle_seconds': 3282, 'whitelist': [], 'hotkey': 'ctrl+win+h'}
2026-07-02 19:46:23,543 [INFO] [配置] 已保存 config.json：{'idle_seconds': 3294, 'whitelist': [], 'hotkey': 'ctrl+win+h'}
2026-07-02 19:46:23,550 [INFO] [配置] 已保存 config.json：{'idle_seconds': 3306, 'whitelist': [], 'hotkey': 'ctrl+win+h'}
2026-07-02 19:46:23,551 [INFO] [配置] 已保存 config.json：{'idle_seconds': 3306, 'whitelist': [], 'hotkey': 'ctrl+win+h'}
2026-07-02 19:46:23,554 [INFO] [配置] 已保存 config.json：{'idle_seconds': 3317, 'whitelist': [], 'hotkey': 'ctrl+win+h'}
2026-07-02 19:46:23,562 [INFO] [配置] 已保存 config.json：{'idle_seconds': 3329, 'whitelist': [], 'hotkey': 'ctrl+win+h'}
2026-07-02 19:46:23,564 [INFO] [配置] 已保存 config.json：{'idle_seconds': 3341, 'whitelist': [], 'hotkey': 'ctrl+win+h'}
2026-07-02 19:46:23,567 [INFO] [配置] 已保存 config.json：{'idle_seconds': 3353, 'whitelist': [], 'hotkey': 'ctrl+win+h'}
2026-07-02 19:46:23,569 [INFO] [配置] 已保存 config.json：{'idle_seconds': 3353, 'whitelist': [], 'hotkey': 'ctrl+win+h'}
2026-07-02 19:46:23,571 [INFO] [配置] 已保存 config.json：{'idle_seconds': 3364, 'whitelist': [], 'hotkey': 'ctrl+win+h'}
2026-07-02 19:46:23,576 [INFO] [配置] 已保存 config.json：{'idle_seconds': 3376, 'whitelist': [], 'hotkey': 'ctrl+win+h'}
2026-07-02 19:46:23,579 [INFO] [配置] 已保存 config.json：{'idle_seconds': 3388, 'whitelist': [], 'hotkey': 'ctrl+win+h'}
2026-07-02 19:46:23,581 [INFO] [配置] 已保存 config.json：{'idle_seconds': 3400, 'whitelist': [], 'hotkey': 'ctrl+win+h'}
2026-07-02 19:46:23,584 [INFO] [配置] 已保存 config.json：{'idle_seconds': 3400, 'whitelist': [], 'hotkey': 'ctrl+win+h'}
2026-07-02 19:46:23,585 [INFO] [配置] 已保存 config.json：{'idle_seconds': 3411, 'whitelist': [], 'hotkey': 'ctrl+win+h'}
2026-07-02 19:46:23,591 [INFO] [配置] 已保存 config.json：{'idle_seconds': 3423, 'whitelist': [], 'hotkey': 'ctrl+win+h'}
2026-07-02 19:46:23,596 [INFO] [配置] 已保存 config.json：{'idle_seconds': 3435, 'whitelist': [], 'hotkey': 'ctrl+win+h'}
2026-07-02 19:46:23,597 [INFO] [配置] 已保存 config.json：{'idle_seconds': 3447, 'whitelist': [], 'hotkey': 'ctrl+win+h'}
2026-07-02 19:46:23,603 [INFO] [配置] 已保存 config.json：{'idle_seconds': 3458, 'whitelist': [], 'hotkey': 'ctrl+win+h'}
2026-07-02 19:46:23,606 [INFO] [配置] 已保存 config.json：{'idle_seconds': 3458, 'whitelist': [], 'hotkey': 'ctrl+win+h'}
2026-07-02 19:46:23,608 [INFO] [配置] 已保存 config.json：{'idle_seconds': 3470, 'whitelist': [], 'hotkey': 'ctrl+win+h'}
2026-07-02 19:46:23,610 [INFO] [配置] 已保存 config.json：{'idle_seconds': 3482, 'whitelist': [], 'hotkey': 'ctrl+win+h'}
2026-07-02 19:46:23,613 [INFO] [配置] 已保存 config.json：{'idle_seconds': 3494, 'whitelist': [], 'hotkey': 'ctrl+win+h'}
2026-07-02 19:46:23,617 [INFO] [配置] 已保存 config.json：{'idle_seconds': 3505, 'whitelist': [], 'hotkey': 'ctrl+win+h'}
2026-07-02 19:46:23,626 [INFO] [配置] 已保存 config.json：{'idle_seconds': 3517, 'whitelist': [], 'hotkey': 'ctrl+win+h'}
2026-07-02 19:46:23,629 [INFO] [配置] 已保存 config.json：{'idle_seconds': 3517, 'whitelist': [], 'hotkey': 'ctrl+win+h'}
2026-07-02 19:46:23,630 [INFO] [配置] 已保存 config.json：{'idle_seconds': 3541, 'whitelist': [], 'hotkey': 'ctrl+win+h'}
2026-07-02 19:46:23,632 [INFO] [配置] 已保存 config.json：{'idle_seconds': 3552, 'whitelist': [], 'hotkey': 'ctrl+win+h'}
2026-07-02 19:46:23,634 [INFO] [配置] 已保存 config.json：{'idle_seconds': 3564, 'whitelist': [], 'hotkey': 'ctrl+win+h'}
2026-07-02 19:46:23,636 [INFO] [配置] 已保存 config.json：{'idle_seconds': 3576, 'whitelist': [], 'hotkey': 'ctrl+win+h'}
2026-07-02 19:46:23,637 [INFO] [配置] 已保存 config.json：{'idle_seconds': 3588, 'whitelist': [], 'hotkey': 'ctrl+win+h'}
2026-07-02 19:46:23,639 [INFO] [配置] 已保存 config.json：{'idle_seconds': 3588, 'whitelist': [], 'hotkey': 'ctrl+win+h'}
2026-07-02 19:46:23,641 [INFO] [配置] 已保存 config.json：{'idle_seconds': 3600, 'whitelist': [], 'hotkey': 'ctrl+win+h'}
2026-07-02 19:46:23,643 [INFO] [配置] 已保存 config.json：{'idle_seconds': 3600, 'whitelist': [], 'hotkey': 'ctrl+win+h'}
2026-07-02 19:46:23,646 [INFO] [配置] 已保存 config.json：{'idle_seconds': 3600, 'whitelist': [], 'hotkey': 'ctrl+win+h'}
2026-07-02 19:46:23,648 [INFO] [配置] 已保存 config.json：{'idle_seconds': 3600, 'whitelist': [], 'hotkey': 'ctrl+win+h'}
2026-07-02 19:46:23,651 [INFO] [配置] 已保存 config.json：{'idle_seconds': 3600, 'whitelist': [], 'hotkey': 'ctrl+win+h'}
2026-07-02 19:46:23,652 [INFO] [配置] 已保存 config.json：{'idle_seconds': 3600, 'whitelist': [], 'hotkey': 'ctrl+win+h'}
2026-07-02 19:46:23,657 [INFO] [配置] 已保存 config.json：{'idle_seconds': 3600, 'whitelist': [], 'hotkey': 'ctrl+win+h'}
2026-07-02 19:46:23,659 [INFO] [配置] 已保存 config.json：{'idle_seconds': 3600, 'whitelist': [], 'hotkey': 'ctrl+win+h'}
2026-07-02 19:46:23,662 [INFO] [配置] 已保存 config.json：{'idle_seconds': 3600, 'whitelist': [], 'hotkey': 'ctrl+win+h'}
2026-07-02 19:46:23,664 [INFO] [配置] 已保存 config.json：{'idle_seconds': 3600, 'whitelist': [], 'hotkey': 'ctrl+win+h'}
2026-07-02 19:46:23,670 [INFO] [配置] 已保存 config.json：{'idle_seconds': 3600, 'whitelist': [], 'hotkey': 'ctrl+win+h'}
2026-07-02 19:46:23,677 [INFO] [配置] 已保存 config.json：{'idle_seconds': 3600, 'whitelist': [], 'hotkey': 'ctrl+win+h'}
2026-07-02 19:46:23,682 [INFO] [配置] 已保存 config.json：{'idle_seconds': 3600, 'whitelist': [], 'hotkey': 'ctrl+win+h'}
2026-07-02 19:46:23,696 [INFO] [配置] 已保存 config.json：{'idle_seconds': 3600, 'whitelist': [], 'hotkey': 'ctrl+win+h'}
2026-07-02 19:46:23,736 [INFO] [配置] 已保存 config.json：{'idle_seconds': 3600, 'whitelist': [], 'hotkey': 'ctrl+win+h'}
2026-07-02 19:46:24,066 [INFO] [配置] 已保存 config.json：{'idle_seconds': 3600, 'whitelist': [], 'hotkey': 'ctrl+win+h'}
2026-07-02 19:46:24,217 [INFO] [配置] 已保存 config.json：{'idle_seconds': 3600, 'whitelist': [], 'hotkey': 'ctrl+win+h'}
2026-07-02 19:46:24,223 [INFO] [配置] 已保存 config.json：{'idle_seconds': 3600, 'whitelist': [], 'hotkey': 'ctrl+win+h'}
2026-07-02 19:46:24,225 [INFO] [配置] 已保存 config.json：{'idle_seconds': 3600, 'whitelist': [], 'hotkey': 'ctrl+win+h'}
2026-07-02 19:46:24,226 [INFO] [配置] 已保存 config.json：{'idle_seconds': 3600, 'whitelist': [], 'hotkey': 'ctrl+win+h'}
2026-07-02 19:46:24,241 [INFO] [配置] 已保存 config.json：{'idle_seconds': 3600, 'whitelist': [], 'hotkey': 'ctrl+win+h'}
2026-07-02 19:46:24,243 [INFO] [配置] 已保存 config.json：{'idle_seconds': 3600, 'whitelist': [], 'hotkey': 'ctrl+win+h'}
2026-07-02 19:46:24,245 [INFO] [配置] 已保存 config.json：{'idle_seconds': 3600, 'whitelist': [], 'hotkey': 'ctrl+win+h'}
2026-07-02 19:46:24,248 [INFO] [配置] 已保存 config.json：{'idle_seconds': 3600, 'whitelist': [], 'hotkey': 'ctrl+win+h'}
2026-07-02 19:46:24,249 [INFO] [配置] 已保存 config.json：{'idle_seconds': 3600, 'whitelist': [], 'hotkey': 'ctrl+win+h'}
2026-07-02 19:46:24,253 [INFO] [配置] 已保存 config.json：{'idle_seconds': 3600, 'whitelist': [], 'hotkey': 'ctrl+win+h'}
2026-07-02 19:46:24,255 [INFO] [配置] 已保存 config.json：{'idle_seconds': 3600, 'whitelist': [], 'hotkey': 'ctrl+win+h'}
2026-07-02 19:46:24,258 [INFO] [配置] 已保存 config.json：{'idle_seconds': 3600, 'whitelist': [], 'hotkey': 'ctrl+win+h'}
2026-07-02 19:46:24,261 [INFO] [配置] 已保存 config.json：{'idle_seconds': 3600, 'whitelist': [], 'hotkey': 'ctrl+win+h'}
2026-07-02 19:46:24,262 [INFO] [配置] 已保存 config.json：{'idle_seconds': 3600, 'whitelist': [], 'hotkey': 'ctrl+win+h'}
2026-07-02 19:46:24,265 [INFO] [配置] 已保存 config.json：{'idle_seconds': 3600, 'whitelist': [], 'hotkey': 'ctrl+win+h'}
2026-07-02 19:46:24,269 [INFO] [配置] 已保存 config.json：{'idle_seconds': 3588, 'whitelist': [], 'hotkey': 'ctrl+win+h'}
2026-07-02 19:46:24,272 [INFO] [配置] 已保存 config.json：{'idle_seconds': 3576, 'whitelist': [], 'hotkey': 'ctrl+win+h'}
2026-07-02 19:46:24,275 [INFO] [配置] 已保存 config.json：{'idle_seconds': 3576, 'whitelist': [], 'hotkey': 'ctrl+win+h'}
2026-07-02 19:46:24,277 [INFO] [配置] 已保存 config.json：{'idle_seconds': 3564, 'whitelist': [], 'hotkey': 'ctrl+win+h'}
2026-07-02 19:46:24,279 [INFO] [配置] 已保存 config.json：{'idle_seconds': 3552, 'whitelist': [], 'hotkey': 'ctrl+win+h'}
2026-07-02 19:46:24,285 [INFO] [配置] 已保存 config.json：{'idle_seconds': 3541, 'whitelist': [], 'hotkey': 'ctrl+win+h'}
2026-07-02 19:46:24,287 [INFO] [配置] 已保存 config.json：{'idle_seconds': 3541, 'whitelist': [], 'hotkey': 'ctrl+win+h'}
2026-07-02 19:46:24,288 [INFO] [配置] 已保存 config.json：{'idle_seconds': 3529, 'whitelist': [], 'hotkey': 'ctrl+win+h'}
2026-07-02 19:46:24,292 [INFO] [配置] 已保存 config.json：{'idle_seconds': 3517, 'whitelist': [], 'hotkey': 'ctrl+win+h'}
2026-07-02 19:46:24,294 [INFO] [配置] 已保存 config.json：{'idle_seconds': 3505, 'whitelist': [], 'hotkey': 'ctrl+win+h'}
2026-07-02 19:46:24,299 [INFO] [配置] 已保存 config.json：{'idle_seconds': 3494, 'whitelist': [], 'hotkey': 'ctrl+win+h'}
2026-07-02 19:46:24,302 [INFO] [配置] 已保存 config.json：{'idle_seconds': 3482, 'whitelist': [], 'hotkey': 'ctrl+win+h'}
2026-07-02 19:46:24,305 [INFO] [配置] 已保存 config.json：{'idle_seconds': 3470, 'whitelist': [], 'hotkey': 'ctrl+win+h'}
2026-07-02 19:46:24,308 [INFO] [配置] 已保存 config.json：{'idle_seconds': 3458, 'whitelist': [], 'hotkey': 'ctrl+win+h'}
2026-07-02 19:46:24,312 [INFO] [配置] 已保存 config.json：{'idle_seconds': 3447, 'whitelist': [], 'hotkey': 'ctrl+win+h'}
2026-07-02 19:46:24,316 [INFO] [配置] 已保存 config.json：{'idle_seconds': 3435, 'whitelist': [], 'hotkey': 'ctrl+win+h'}
2026-07-02 19:46:24,319 [INFO] [配置] 已保存 config.json：{'idle_seconds': 3423, 'whitelist': [], 'hotkey': 'ctrl+win+h'}
2026-07-02 19:46:24,321 [INFO] [配置] 已保存 config.json：{'idle_seconds': 3411, 'whitelist': [], 'hotkey': 'ctrl+win+h'}
2026-07-02 19:46:24,325 [INFO] [配置] 已保存 config.json：{'idle_seconds': 3400, 'whitelist': [], 'hotkey': 'ctrl+win+h'}
2026-07-02 19:46:24,331 [INFO] [配置] 已保存 config.json：{'idle_seconds': 3388, 'whitelist': [], 'hotkey': 'ctrl+win+h'}
2026-07-02 19:46:24,332 [INFO] [配置] 已保存 config.json：{'idle_seconds': 3376, 'whitelist': [], 'hotkey': 'ctrl+win+h'}
2026-07-02 19:46:24,344 [INFO] [配置] 已保存 config.json：{'idle_seconds': 3364, 'whitelist': [], 'hotkey': 'ctrl+win+h'}
2026-07-02 19:46:24,348 [INFO] [配置] 已保存 config.json：{'idle_seconds': 3353, 'whitelist': [], 'hotkey': 'ctrl+win+h'}
2026-07-02 19:46:24,350 [INFO] [配置] 已保存 config.json：{'idle_seconds': 3341, 'whitelist': [], 'hotkey': 'ctrl+win+h'}
2026-07-02 19:46:24,352 [INFO] [配置] 已保存 config.json：{'idle_seconds': 3329, 'whitelist': [], 'hotkey': 'ctrl+win+h'}
2026-07-02 19:46:24,353 [INFO] [配置] 已保存 config.json：{'idle_seconds': 3317, 'whitelist': [], 'hotkey': 'ctrl+win+h'}
2026-07-02 19:46:24,354 [INFO] [配置] 已保存 config.json：{'idle_seconds': 3306, 'whitelist': [], 'hotkey': 'ctrl+win+h'}
2026-07-02 19:46:24,357 [INFO] [配置] 已保存 config.json：{'idle_seconds': 3282, 'whitelist': [], 'hotkey': 'ctrl+win+h'}
2026-07-02 19:46:24,360 [INFO] [配置] 已保存 config.json：{'idle_seconds': 3270, 'whitelist': [], 'hotkey': 'ctrl+win+h'}
2026-07-02 19:46:24,362 [INFO] [配置] 已保存 config.json：{'idle_seconds': 3259, 'whitelist': [], 'hotkey': 'ctrl+win+h'}
2026-07-02 19:46:24,363 [INFO] [配置] 已保存 config.json：{'idle_seconds': 3247, 'whitelist': [], 'hotkey': 'ctrl+win+h'}
2026-07-02 19:46:24,367 [INFO] [配置] 已保存 config.json：{'idle_seconds': 3235, 'whitelist': [], 'hotkey': 'ctrl+win+h'}
2026-07-02 19:46:24,368 [INFO] [配置] 已保存 config.json：{'idle_seconds': 3223, 'whitelist': [], 'hotkey': 'ctrl+win+h'}
2026-07-02 19:46:24,373 [INFO] [配置] 已保存 config.json：{'idle_seconds': 3212, 'whitelist': [], 'hotkey': 'ctrl+win+h'}
2026-07-02 19:46:24,374 [INFO] [配置] 已保存 config.json：{'idle_seconds': 3200, 'whitelist': [], 'hotkey': 'ctrl+win+h'}
2026-07-02 19:46:24,377 [INFO] [配置] 已保存 config.json：{'idle_seconds': 3188, 'whitelist': [], 'hotkey': 'ctrl+win+h'}
2026-07-02 19:46:24,381 [INFO] [配置] 已保存 config.json：{'idle_seconds': 3176, 'whitelist': [], 'hotkey': 'ctrl+win+h'}
2026-07-02 19:46:24,383 [INFO] [配置] 已保存 config.json：{'idle_seconds': 3165, 'whitelist': [], 'hotkey': 'ctrl+win+h'}
2026-07-02 19:46:24,384 [INFO] [配置] 已保存 config.json：{'idle_seconds': 3153, 'whitelist': [], 'hotkey': 'ctrl+win+h'}
2026-07-02 19:46:24,386 [INFO] [配置] 已保存 config.json：{'idle_seconds': 3141, 'whitelist': [], 'hotkey': 'ctrl+win+h'}
2026-07-02 19:46:24,388 [INFO] [配置] 已保存 config.json：{'idle_seconds': 3129, 'whitelist': [], 'hotkey': 'ctrl+win+h'}
2026-07-02 19:46:24,390 [INFO] [配置] 已保存 config.json：{'idle_seconds': 3118, 'whitelist': [], 'hotkey': 'ctrl+win+h'}
2026-07-02 19:46:24,392 [INFO] [配置] 已保存 config.json：{'idle_seconds': 3106, 'whitelist': [], 'hotkey': 'ctrl+win+h'}
2026-07-02 19:46:24,394 [INFO] [配置] 已保存 config.json：{'idle_seconds': 3094, 'whitelist': [], 'hotkey': 'ctrl+win+h'}
2026-07-02 19:46:24,397 [INFO] [配置] 已保存 config.json：{'idle_seconds': 3094, 'whitelist': [], 'hotkey': 'ctrl+win+h'}
2026-07-02 19:46:24,398 [INFO] [配置] 已保存 config.json：{'idle_seconds': 3071, 'whitelist': [], 'hotkey': 'ctrl+win+h'}
2026-07-02 19:46:24,400 [INFO] [配置] 已保存 config.json：{'idle_seconds': 3059, 'whitelist': [], 'hotkey': 'ctrl+win+h'}
2026-07-02 19:46:24,403 [INFO] [配置] 已保存 config.json：{'idle_seconds': 3047, 'whitelist': [], 'hotkey': 'ctrl+win+h'}
2026-07-02 19:46:24,405 [INFO] [配置] 已保存 config.json：{'idle_seconds': 3035, 'whitelist': [], 'hotkey': 'ctrl+win+h'}
2026-07-02 19:46:24,410 [INFO] [配置] 已保存 config.json：{'idle_seconds': 3012, 'whitelist': [], 'hotkey': 'ctrl+win+h'}
2026-07-02 19:46:24,412 [INFO] [配置] 已保存 config.json：{'idle_seconds': 3012, 'whitelist': [], 'hotkey': 'ctrl+win+h'}
2026-07-02 19:46:24,414 [INFO] [配置] 已保存 config.json：{'idle_seconds': 3000, 'whitelist': [], 'hotkey': 'ctrl+win+h'}
2026-07-02 19:46:24,415 [INFO] [配置] 已保存 config.json：{'idle_seconds': 2988, 'whitelist': [], 'hotkey': 'ctrl+win+h'}
2026-07-02 19:46:24,417 [INFO] [配置] 已保存 config.json：{'idle_seconds': 2976, 'whitelist': [], 'hotkey': 'ctrl+win+h'}
2026-07-02 19:46:24,422 [INFO] [配置] 已保存 config.json：{'idle_seconds': 2965, 'whitelist': [], 'hotkey': 'ctrl+win+h'}
2026-07-02 19:46:24,424 [INFO] [配置] 已保存 config.json：{'idle_seconds': 2953, 'whitelist': [], 'hotkey': 'ctrl+win+h'}
2026-07-02 19:46:24,428 [INFO] [配置] 已保存 config.json：{'idle_seconds': 2941, 'whitelist': [], 'hotkey': 'ctrl+win+h'}
2026-07-02 19:46:24,430 [INFO] [配置] 已保存 config.json：{'idle_seconds': 2929, 'whitelist': [], 'hotkey': 'ctrl+win+h'}
2026-07-02 19:46:24,433 [INFO] [配置] 已保存 config.json：{'idle_seconds': 2918, 'whitelist': [], 'hotkey': 'ctrl+win+h'}
2026-07-02 19:46:24,435 [INFO] [配置] 已保存 config.json：{'idle_seconds': 2906, 'whitelist': [], 'hotkey': 'ctrl+win+h'}
2026-07-02 19:46:24,448 [INFO] [配置] 已保存 config.json：{'idle_seconds': 2894, 'whitelist': [], 'hotkey': 'ctrl+win+h'}
2026-07-02 19:46:24,451 [INFO] [配置] 已保存 config.json：{'idle_seconds': 2871, 'whitelist': [], 'hotkey': 'ctrl+win+h'}
2026-07-02 19:46:24,452 [INFO] [配置] 已保存 config.json：{'idle_seconds': 2871, 'whitelist': [], 'hotkey': 'ctrl+win+h'}
2026-07-02 19:46:24,453 [INFO] [配置] 已保存 config.json：{'idle_seconds': 2847, 'whitelist': [], 'hotkey': 'ctrl+win+h'}
2026-07-02 19:46:24,456 [INFO] [配置] 已保存 config.json：{'idle_seconds': 2824, 'whitelist': [], 'hotkey': 'ctrl+win+h'}
2026-07-02 19:46:24,458 [INFO] [配置] 已保存 config.json：{'idle_seconds': 2800, 'whitelist': [], 'hotkey': 'ctrl+win+h'}
2026-07-02 19:46:24,460 [INFO] [配置] 已保存 config.json：{'idle_seconds': 2777, 'whitelist': [], 'hotkey': 'ctrl+win+h'}
2026-07-02 19:46:24,463 [INFO] [配置] 已保存 config.json：{'idle_seconds': 2765, 'whitelist': [], 'hotkey': 'ctrl+win+h'}
2026-07-02 19:46:24,464 [INFO] [配置] 已保存 config.json：{'idle_seconds': 2753, 'whitelist': [], 'hotkey': 'ctrl+win+h'}
2026-07-02 19:46:24,466 [INFO] [配置] 已保存 config.json：{'idle_seconds': 2741, 'whitelist': [], 'hotkey': 'ctrl+win+h'}
2026-07-02 19:46:24,468 [INFO] [配置] 已保存 config.json：{'idle_seconds': 2730, 'whitelist': [], 'hotkey': 'ctrl+win+h'}
2026-07-02 19:46:24,470 [INFO] [配置] 已保存 config.json：{'idle_seconds': 2718, 'whitelist': [], 'hotkey': 'ctrl+win+h'}
2026-07-02 19:46:24,472 [INFO] [配置] 已保存 config.json：{'idle_seconds': 2706, 'whitelist': [], 'hotkey': 'ctrl+win+h'}
2026-07-02 19:46:24,474 [INFO] [配置] 已保存 config.json：{'idle_seconds': 2694, 'whitelist': [], 'hotkey': 'ctrl+win+h'}
2026-07-02 19:46:24,477 [INFO] [配置] 已保存 config.json：{'idle_seconds': 2683, 'whitelist': [], 'hotkey': 'ctrl+win+h'}
2026-07-02 19:46:24,478 [INFO] [配置] 已保存 config.json：{'idle_seconds': 2671, 'whitelist': [], 'hotkey': 'ctrl+win+h'}
2026-07-02 19:46:24,480 [INFO] [配置] 已保存 config.json：{'idle_seconds': 2671, 'whitelist': [], 'hotkey': 'ctrl+win+h'}
2026-07-02 19:46:24,482 [INFO] [配置] 已保存 config.json：{'idle_seconds': 2659, 'whitelist': [], 'hotkey': 'ctrl+win+h'}
2026-07-02 19:46:24,483 [INFO] [配置] 已保存 config.json：{'idle_seconds': 2647, 'whitelist': [], 'hotkey': 'ctrl+win+h'}
2026-07-02 19:46:24,485 [INFO] [配置] 已保存 config.json：{'idle_seconds': 2636, 'whitelist': [], 'hotkey': 'ctrl+win+h'}
2026-07-02 19:46:24,487 [INFO] [配置] 已保存 config.json：{'idle_seconds': 2624, 'whitelist': [], 'hotkey': 'ctrl+win+h'}
2026-07-02 19:46:24,490 [INFO] [配置] 已保存 config.json：{'idle_seconds': 2612, 'whitelist': [], 'hotkey': 'ctrl+win+h'}
2026-07-02 19:46:24,493 [INFO] [配置] 已保存 config.json：{'idle_seconds': 2600, 'whitelist': [], 'hotkey': 'ctrl+win+h'}
2026-07-02 19:46:24,495 [INFO] [配置] 已保存 config.json：{'idle_seconds': 2589, 'whitelist': [], 'hotkey': 'ctrl+win+h'}
2026-07-02 19:46:24,496 [INFO] [配置] 已保存 config.json：{'idle_seconds': 2577, 'whitelist': [], 'hotkey': 'ctrl+win+h'}
2026-07-02 19:46:24,501 [INFO] [配置] 已保存 config.json：{'idle_seconds': 2565, 'whitelist': [], 'hotkey': 'ctrl+win+h'}
2026-07-02 19:46:24,503 [INFO] [配置] 已保存 config.json：{'idle_seconds': 2542, 'whitelist': [], 'hotkey': 'ctrl+win+h'}
2026-07-02 19:46:24,505 [INFO] [配置] 已保存 config.json：{'idle_seconds': 2530, 'whitelist': [], 'hotkey': 'ctrl+win+h'}
2026-07-02 19:46:24,506 [INFO] [配置] 已保存 config.json：{'idle_seconds': 2518, 'whitelist': [], 'hotkey': 'ctrl+win+h'}
2026-07-02 19:46:24,509 [INFO] [配置] 已保存 config.json：{'idle_seconds': 2506, 'whitelist': [], 'hotkey': 'ctrl+win+h'}
2026-07-02 19:46:24,512 [INFO] [配置] 已保存 config.json：{'idle_seconds': 2495, 'whitelist': [], 'hotkey': 'ctrl+win+h'}
2026-07-02 19:46:24,514 [INFO] [配置] 已保存 config.json：{'idle_seconds': 2483, 'whitelist': [], 'hotkey': 'ctrl+win+h'}
2026-07-02 19:46:24,515 [INFO] [配置] 已保存 config.json：{'idle_seconds': 2483, 'whitelist': [], 'hotkey': 'ctrl+win+h'}
2026-07-02 19:46:24,518 [INFO] [配置] 已保存 config.json：{'idle_seconds': 2471, 'whitelist': [], 'hotkey': 'ctrl+win+h'}
2026-07-02 19:46:24,520 [INFO] [配置] 已保存 config.json：{'idle_seconds': 2459, 'whitelist': [], 'hotkey': 'ctrl+win+h'}
2026-07-02 19:46:24,522 [INFO] [配置] 已保存 config.json：{'idle_seconds': 2448, 'whitelist': [], 'hotkey': 'ctrl+win+h'}
2026-07-02 19:46:24,524 [INFO] [配置] 已保存 config.json：{'idle_seconds': 2436, 'whitelist': [], 'hotkey': 'ctrl+win+h'}
2026-07-02 19:46:24,525 [INFO] [配置] 已保存 config.json：{'idle_seconds': 2424, 'whitelist': [], 'hotkey': 'ctrl+win+h'}
2026-07-02 19:46:24,527 [INFO] [配置] 已保存 config.json：{'idle_seconds': 2412, 'whitelist': [], 'hotkey': 'ctrl+win+h'}
2026-07-02 19:46:24,529 [INFO] [配置] 已保存 config.json：{'idle_seconds': 2401, 'whitelist': [], 'hotkey': 'ctrl+win+h'}
2026-07-02 19:46:24,531 [INFO] [配置] 已保存 config.json：{'idle_seconds': 2377, 'whitelist': [], 'hotkey': 'ctrl+win+h'}
2026-07-02 19:46:24,532 [INFO] [配置] 已保存 config.json：{'idle_seconds': 2365, 'whitelist': [], 'hotkey': 'ctrl+win+h'}
2026-07-02 19:46:24,536 [INFO] [配置] 已保存 config.json：{'idle_seconds': 2353, 'whitelist': [], 'hotkey': 'ctrl+win+h'}
2026-07-02 19:46:24,538 [INFO] [配置] 已保存 config.json：{'idle_seconds': 2342, 'whitelist': [], 'hotkey': 'ctrl+win+h'}
2026-07-02 19:46:24,540 [INFO] [配置] 已保存 config.json：{'idle_seconds': 2330, 'whitelist': [], 'hotkey': 'ctrl+win+h'}
2026-07-02 19:46:24,542 [INFO] [配置] 已保存 config.json：{'idle_seconds': 2318, 'whitelist': [], 'hotkey': 'ctrl+win+h'}
2026-07-02 19:46:24,548 [INFO] [配置] 已保存 config.json：{'idle_seconds': 2295, 'whitelist': [], 'hotkey': 'ctrl+win+h'}
2026-07-02 19:46:24,551 [INFO] [配置] 已保存 config.json：{'idle_seconds': 2271, 'whitelist': [], 'hotkey': 'ctrl+win+h'}
2026-07-02 19:46:24,553 [INFO] [配置] 已保存 config.json：{'idle_seconds': 2224, 'whitelist': [], 'hotkey': 'ctrl+win+h'}
2026-07-02 19:46:24,554 [INFO] [配置] 已保存 config.json：{'idle_seconds': 2201, 'whitelist': [], 'hotkey': 'ctrl+win+h'}
2026-07-02 19:46:24,556 [INFO] [配置] 已保存 config.json：{'idle_seconds': 2177, 'whitelist': [], 'hotkey': 'ctrl+win+h'}
2026-07-02 19:46:24,558 [INFO] [配置] 已保存 config.json：{'idle_seconds': 2165, 'whitelist': [], 'hotkey': 'ctrl+win+h'}
2026-07-02 19:46:24,561 [INFO] [配置] 已保存 config.json：{'idle_seconds': 2154, 'whitelist': [], 'hotkey': 'ctrl+win+h'}
2026-07-02 19:46:24,562 [INFO] [配置] 已保存 config.json：{'idle_seconds': 2142, 'whitelist': [], 'hotkey': 'ctrl+win+h'}
2026-07-02 19:46:24,563 [INFO] [配置] 已保存 config.json：{'idle_seconds': 2118, 'whitelist': [], 'hotkey': 'ctrl+win+h'}
2026-07-02 19:46:24,566 [INFO] [配置] 已保存 config.json：{'idle_seconds': 2107, 'whitelist': [], 'hotkey': 'ctrl+win+h'}
2026-07-02 19:46:24,568 [INFO] [配置] 已保存 config.json：{'idle_seconds': 2095, 'whitelist': [], 'hotkey': 'ctrl+win+h'}
2026-07-02 19:46:24,569 [INFO] [配置] 已保存 config.json：{'idle_seconds': 2071, 'whitelist': [], 'hotkey': 'ctrl+win+h'}
2026-07-02 19:46:24,572 [INFO] [配置] 已保存 config.json：{'idle_seconds': 2060, 'whitelist': [], 'hotkey': 'ctrl+win+h'}
2026-07-02 19:46:24,573 [INFO] [配置] 已保存 config.json：{'idle_seconds': 2036, 'whitelist': [], 'hotkey': 'ctrl+win+h'}
2026-07-02 19:46:24,575 [INFO] [配置] 已保存 config.json：{'idle_seconds': 2024, 'whitelist': [], 'hotkey': 'ctrl+win+h'}
2026-07-02 19:46:24,577 [INFO] [配置] 已保存 config.json：{'idle_seconds': 2013, 'whitelist': [], 'hotkey': 'ctrl+win+h'}
2026-07-02 19:46:24,578 [INFO] [配置] 已保存 config.json：{'idle_seconds': 2001, 'whitelist': [], 'hotkey': 'ctrl+win+h'}
2026-07-02 19:46:24,581 [INFO] [配置] 已保存 config.json：{'idle_seconds': 1989, 'whitelist': [], 'hotkey': 'ctrl+win+h'}
2026-07-02 19:46:24,583 [INFO] [配置] 已保存 config.json：{'idle_seconds': 1966, 'whitelist': [], 'hotkey': 'ctrl+win+h'}
2026-07-02 19:46:24,585 [INFO] [配置] 已保存 config.json：{'idle_seconds': 1942, 'whitelist': [], 'hotkey': 'ctrl+win+h'}
2026-07-02 19:46:24,586 [INFO] [配置] 已保存 config.json：{'idle_seconds': 1930, 'whitelist': [], 'hotkey': 'ctrl+win+h'}
2026-07-02 19:46:24,588 [INFO] [配置] 已保存 config.json：{'idle_seconds': 1919, 'whitelist': [], 'hotkey': 'ctrl+win+h'}
2026-07-02 19:46:24,589 [INFO] [配置] 已保存 config.json：{'idle_seconds': 1895, 'whitelist': [], 'hotkey': 'ctrl+win+h'}
2026-07-02 19:46:24,591 [INFO] [配置] 已保存 config.json：{'idle_seconds': 1883, 'whitelist': [], 'hotkey': 'ctrl+win+h'}
2026-07-02 19:46:24,593 [INFO] [配置] 已保存 config.json：{'idle_seconds': 1872, 'whitelist': [], 'hotkey': 'ctrl+win+h'}
2026-07-02 19:46:24,594 [INFO] [配置] 已保存 config.json：{'idle_seconds': 1848, 'whitelist': [], 'hotkey': 'ctrl+win+h'}
2026-07-02 19:46:24,598 [INFO] [配置] 已保存 config.json：{'idle_seconds': 1836, 'whitelist': [], 'hotkey': 'ctrl+win+h'}
2026-07-02 19:46:24,601 [INFO] [配置] 已保存 config.json：{'idle_seconds': 1813, 'whitelist': [], 'hotkey': 'ctrl+win+h'}
2026-07-02 19:46:24,603 [INFO] [配置] 已保存 config.json：{'idle_seconds': 1789, 'whitelist': [], 'hotkey': 'ctrl+win+h'}
2026-07-02 19:46:24,605 [INFO] [配置] 已保存 config.json：{'idle_seconds': 1754, 'whitelist': [], 'hotkey': 'ctrl+win+h'}
2026-07-02 19:46:24,607 [INFO] [配置] 已保存 config.json：{'idle_seconds': 1742, 'whitelist': [], 'hotkey': 'ctrl+win+h'}
2026-07-02 19:46:24,609 [INFO] [配置] 已保存 config.json：{'idle_seconds': 1730, 'whitelist': [], 'hotkey': 'ctrl+win+h'}
2026-07-02 19:46:24,610 [INFO] [配置] 已保存 config.json：{'idle_seconds': 1707, 'whitelist': [], 'hotkey': 'ctrl+win+h'}
2026-07-02 19:46:24,613 [INFO] [配置] 已保存 config.json：{'idle_seconds': 1683, 'whitelist': [], 'hotkey': 'ctrl+win+h'}
2026-07-02 19:46:24,615 [INFO] [配置] 已保存 config.json：{'idle_seconds': 1672, 'whitelist': [], 'hotkey': 'ctrl+win+h'}
2026-07-02 19:46:24,617 [INFO] [配置] 已保存 config.json：{'idle_seconds': 1648, 'whitelist': [], 'hotkey': 'ctrl+win+h'}
2026-07-02 19:46:24,619 [INFO] [配置] 已保存 config.json：{'idle_seconds': 1636, 'whitelist': [], 'hotkey': 'ctrl+win+h'}
2026-07-02 19:46:24,620 [INFO] [配置] 已保存 config.json：{'idle_seconds': 1625, 'whitelist': [], 'hotkey': 'ctrl+win+h'}
2026-07-02 19:46:24,622 [INFO] [配置] 已保存 config.json：{'idle_seconds': 1613, 'whitelist': [], 'hotkey': 'ctrl+win+h'}
2026-07-02 19:46:24,624 [INFO] [配置] 已保存 config.json：{'idle_seconds': 1601, 'whitelist': [], 'hotkey': 'ctrl+win+h'}
2026-07-02 19:46:24,625 [INFO] [配置] 已保存 config.json：{'idle_seconds': 1578, 'whitelist': [], 'hotkey': 'ctrl+win+h'}
2026-07-02 19:46:24,629 [INFO] [配置] 已保存 config.json：{'idle_seconds': 1554, 'whitelist': [], 'hotkey': 'ctrl+win+h'}
2026-07-02 19:46:24,630 [INFO] [配置] 已保存 config.json：{'idle_seconds': 1542, 'whitelist': [], 'hotkey': 'ctrl+win+h'}
2026-07-02 19:46:24,633 [INFO] [配置] 已保存 config.json：{'idle_seconds': 1531, 'whitelist': [], 'hotkey': 'ctrl+win+h'}
2026-07-02 19:46:24,634 [INFO] [配置] 已保存 config.json：{'idle_seconds': 1507, 'whitelist': [], 'hotkey': 'ctrl+win+h'}
2026-07-02 19:46:24,636 [INFO] [配置] 已保存 config.json：{'idle_seconds': 1495, 'whitelist': [], 'hotkey': 'ctrl+win+h'}
2026-07-02 19:46:24,638 [INFO] [配置] 已保存 config.json：{'idle_seconds': 1484, 'whitelist': [], 'hotkey': 'ctrl+win+h'}
2026-07-02 19:46:24,640 [INFO] [配置] 已保存 config.json：{'idle_seconds': 1472, 'whitelist': [], 'hotkey': 'ctrl+win+h'}
2026-07-02 19:46:24,641 [INFO] [配置] 已保存 config.json：{'idle_seconds': 1460, 'whitelist': [], 'hotkey': 'ctrl+win+h'}
2026-07-02 19:46:24,653 [INFO] [配置] 已保存 config.json：{'idle_seconds': 1448, 'whitelist': [], 'hotkey': 'ctrl+win+h'}
2026-07-02 19:46:24,655 [INFO] [配置] 已保存 config.json：{'idle_seconds': 1437, 'whitelist': [], 'hotkey': 'ctrl+win+h'}
2026-07-02 19:46:24,657 [INFO] [配置] 已保存 config.json：{'idle_seconds': 1425, 'whitelist': [], 'hotkey': 'ctrl+win+h'}
2026-07-02 19:46:24,658 [INFO] [配置] 已保存 config.json：{'idle_seconds': 1401, 'whitelist': [], 'hotkey': 'ctrl+win+h'}
2026-07-02 19:46:24,660 [INFO] [配置] 已保存 config.json：{'idle_seconds': 1378, 'whitelist': [], 'hotkey': 'ctrl+win+h'}
2026-07-02 19:46:24,663 [INFO] [配置] 已保存 config.json：{'idle_seconds': 1366, 'whitelist': [], 'hotkey': 'ctrl+win+h'}
2026-07-02 19:46:24,668 [INFO] [配置] 已保存 config.json：{'idle_seconds': 1354, 'whitelist': [], 'hotkey': 'ctrl+win+h'}
2026-07-02 19:46:24,669 [INFO] [配置] 已保存 config.json：{'idle_seconds': 1343, 'whitelist': [], 'hotkey': 'ctrl+win+h'}
2026-07-02 19:46:24,676 [INFO] [配置] 已保存 config.json：{'idle_seconds': 1331, 'whitelist': [], 'hotkey': 'ctrl+win+h'}
2026-07-02 19:46:24,684 [INFO] [配置] 已保存 config.json：{'idle_seconds': 1319, 'whitelist': [], 'hotkey': 'ctrl+win+h'}
2026-07-02 19:46:24,693 [INFO] [配置] 已保存 config.json：{'idle_seconds': 1307, 'whitelist': [], 'hotkey': 'ctrl+win+h'}
2026-07-02 19:46:24,697 [INFO] [配置] 已保存 config.json：{'idle_seconds': 1296, 'whitelist': [], 'hotkey': 'ctrl+win+h'}
2026-07-02 19:46:24,705 [INFO] [配置] 已保存 config.json：{'idle_seconds': 1284, 'whitelist': [], 'hotkey': 'ctrl+win+h'}
2026-07-02 19:46:24,710 [INFO] [配置] 已保存 config.json：{'idle_seconds': 1272, 'whitelist': [], 'hotkey': 'ctrl+win+h'}
2026-07-02 19:46:24,716 [INFO] [配置] 已保存 config.json：{'idle_seconds': 1260, 'whitelist': [], 'hotkey': 'ctrl+win+h'}
2026-07-02 19:46:24,718 [INFO] [配置] 已保存 config.json：{'idle_seconds': 1249, 'whitelist': [], 'hotkey': 'ctrl+win+h'}
2026-07-02 19:46:24,723 [INFO] [配置] 已保存 config.json：{'idle_seconds': 1237, 'whitelist': [], 'hotkey': 'ctrl+win+h'}
2026-07-02 19:46:24,728 [INFO] [配置] 已保存 config.json：{'idle_seconds': 1225, 'whitelist': [], 'hotkey': 'ctrl+win+h'}
2026-07-02 19:46:24,733 [INFO] [配置] 已保存 config.json：{'idle_seconds': 1213, 'whitelist': [], 'hotkey': 'ctrl+win+h'}
2026-07-02 19:46:24,734 [INFO] [配置] 已保存 config.json：{'idle_seconds': 1202, 'whitelist': [], 'hotkey': 'ctrl+win+h'}
2026-07-02 19:46:24,738 [INFO] [配置] 已保存 config.json：{'idle_seconds': 1190, 'whitelist': [], 'hotkey': 'ctrl+win+h'}
2026-07-02 19:46:24,740 [INFO] [配置] 已保存 config.json：{'idle_seconds': 1178, 'whitelist': [], 'hotkey': 'ctrl+win+h'}
2026-07-02 19:46:24,744 [INFO] [配置] 已保存 config.json：{'idle_seconds': 1166, 'whitelist': [], 'hotkey': 'ctrl+win+h'}
2026-07-02 19:46:24,754 [INFO] [配置] 已保存 config.json：{'idle_seconds': 1154, 'whitelist': [], 'hotkey': 'ctrl+win+h'}
2026-07-02 19:46:24,756 [INFO] [配置] 已保存 config.json：{'idle_seconds': 1131, 'whitelist': [], 'hotkey': 'ctrl+win+h'}
2026-07-02 19:46:24,757 [INFO] [配置] 已保存 config.json：{'idle_seconds': 1119, 'whitelist': [], 'hotkey': 'ctrl+win+h'}
2026-07-02 19:46:24,759 [INFO] [配置] 已保存 config.json：{'idle_seconds': 1107, 'whitelist': [], 'hotkey': 'ctrl+win+h'}
2026-07-02 19:46:24,760 [INFO] [配置] 已保存 config.json：{'idle_seconds': 1084, 'whitelist': [], 'hotkey': 'ctrl+win+h'}
2026-07-02 19:46:24,762 [INFO] [配置] 已保存 config.json：{'idle_seconds': 1072, 'whitelist': [], 'hotkey': 'ctrl+win+h'}
2026-07-02 19:46:24,763 [INFO] [配置] 已保存 config.json：{'idle_seconds': 1060, 'whitelist': [], 'hotkey': 'ctrl+win+h'}
2026-07-02 19:46:24,766 [INFO] [配置] 已保存 config.json：{'idle_seconds': 1049, 'whitelist': [], 'hotkey': 'ctrl+win+h'}
2026-07-02 19:46:24,769 [INFO] [配置] 已保存 config.json：{'idle_seconds': 1037, 'whitelist': [], 'hotkey': 'ctrl+win+h'}
2026-07-02 19:46:24,771 [INFO] [配置] 已保存 config.json：{'idle_seconds': 1025, 'whitelist': [], 'hotkey': 'ctrl+win+h'}
2026-07-02 19:46:24,772 [INFO] [配置] 已保存 config.json：{'idle_seconds': 1013, 'whitelist': [], 'hotkey': 'ctrl+win+h'}
2026-07-02 19:46:24,776 [INFO] [配置] 已保存 config.json：{'idle_seconds': 1002, 'whitelist': [], 'hotkey': 'ctrl+win+h'}
2026-07-02 19:46:24,777 [INFO] [配置] 已保存 config.json：{'idle_seconds': 990, 'whitelist': [], 'hotkey': 'ctrl+win+h'}
2026-07-02 19:46:24,779 [INFO] [配置] 已保存 config.json：{'idle_seconds': 978, 'whitelist': [], 'hotkey': 'ctrl+win+h'}
2026-07-02 19:46:24,782 [INFO] [配置] 已保存 config.json：{'idle_seconds': 966, 'whitelist': [], 'hotkey': 'ctrl+win+h'}
2026-07-02 19:46:24,784 [INFO] [配置] 已保存 config.json：{'idle_seconds': 955, 'whitelist': [], 'hotkey': 'ctrl+win+h'}
2026-07-02 19:46:24,787 [INFO] [配置] 已保存 config.json：{'idle_seconds': 943, 'whitelist': [], 'hotkey': 'ctrl+win+h'}
2026-07-02 19:46:24,793 [INFO] [配置] 已保存 config.json：{'idle_seconds': 931, 'whitelist': [], 'hotkey': 'ctrl+win+h'}
2026-07-02 19:46:24,795 [INFO] [配置] 已保存 config.json：{'idle_seconds': 919, 'whitelist': [], 'hotkey': 'ctrl+win+h'}
2026-07-02 19:46:24,797 [INFO] [配置] 已保存 config.json：{'idle_seconds': 896, 'whitelist': [], 'hotkey': 'ctrl+win+h'}
2026-07-02 19:46:24,798 [INFO] [配置] 已保存 config.json：{'idle_seconds': 884, 'whitelist': [], 'hotkey': 'ctrl+win+h'}
2026-07-02 19:46:24,802 [INFO] [配置] 已保存 config.json：{'idle_seconds': 872, 'whitelist': [], 'hotkey': 'ctrl+win+h'}
2026-07-02 19:46:24,804 [INFO] [配置] 已保存 config.json：{'idle_seconds': 849, 'whitelist': [], 'hotkey': 'ctrl+win+h'}
2026-07-02 19:46:24,807 [INFO] [配置] 已保存 config.json：{'idle_seconds': 837, 'whitelist': [], 'hotkey': 'ctrl+win+h'}
2026-07-02 19:46:24,808 [INFO] [配置] 已保存 config.json：{'idle_seconds': 825, 'whitelist': [], 'hotkey': 'ctrl+win+h'}
2026-07-02 19:46:24,810 [INFO] [配置] 已保存 config.json：{'idle_seconds': 814, 'whitelist': [], 'hotkey': 'ctrl+win+h'}
2026-07-02 19:46:24,812 [INFO] [配置] 已保存 config.json：{'idle_seconds': 802, 'whitelist': [], 'hotkey': 'ctrl+win+h'}
2026-07-02 19:46:24,813 [INFO] [配置] 已保存 config.json：{'idle_seconds': 790, 'whitelist': [], 'hotkey': 'ctrl+win+h'}
2026-07-02 19:46:24,817 [INFO] [配置] 已保存 config.json：{'idle_seconds': 778, 'whitelist': [], 'hotkey': 'ctrl+win+h'}
2026-07-02 19:46:24,818 [INFO] [配置] 已保存 config.json：{'idle_seconds': 755, 'whitelist': [], 'hotkey': 'ctrl+win+h'}
2026-07-02 19:46:24,820 [INFO] [配置] 已保存 config.json：{'idle_seconds': 743, 'whitelist': [], 'hotkey': 'ctrl+win+h'}
2026-07-02 19:46:24,824 [INFO] [配置] 已保存 config.json：{'idle_seconds': 731, 'whitelist': [], 'hotkey': 'ctrl+win+h'}
2026-07-02 19:46:24,825 [INFO] [配置] 已保存 config.json：{'idle_seconds': 720, 'whitelist': [], 'hotkey': 'ctrl+win+h'}
2026-07-02 19:46:24,826 [INFO] [配置] 已保存 config.json：{'idle_seconds': 708, 'whitelist': [], 'hotkey': 'ctrl+win+h'}
2026-07-02 19:46:24,828 [INFO] [配置] 已保存 config.json：{'idle_seconds': 696, 'whitelist': [], 'hotkey': 'ctrl+win+h'}
2026-07-02 19:46:24,830 [INFO] [配置] 已保存 config.json：{'idle_seconds': 673, 'whitelist': [], 'hotkey': 'ctrl+win+h'}
2026-07-02 19:46:24,832 [INFO] [配置] 已保存 config.json：{'idle_seconds': 661, 'whitelist': [], 'hotkey': 'ctrl+win+h'}
2026-07-02 19:46:24,835 [INFO] [配置] 已保存 config.json：{'idle_seconds': 649, 'whitelist': [], 'hotkey': 'ctrl+win+h'}
2026-07-02 19:46:24,837 [INFO] [配置] 已保存 config.json：{'idle_seconds': 626, 'whitelist': [], 'hotkey': 'ctrl+win+h'}
2026-07-02 19:46:24,838 [INFO] [配置] 已保存 config.json：{'idle_seconds': 614, 'whitelist': [], 'hotkey': 'ctrl+win+h'}
2026-07-02 19:46:24,840 [INFO] [配置] 已保存 config.json：{'idle_seconds': 602, 'whitelist': [], 'hotkey': 'ctrl+win+h'}
2026-07-02 19:46:24,842 [INFO] [配置] 已保存 config.json：{'idle_seconds': 578, 'whitelist': [], 'hotkey': 'ctrl+win+h'}
2026-07-02 19:46:24,845 [INFO] [配置] 已保存 config.json：{'idle_seconds': 567, 'whitelist': [], 'hotkey': 'ctrl+win+h'}
2026-07-02 19:46:24,846 [INFO] [配置] 已保存 config.json：{'idle_seconds': 555, 'whitelist': [], 'hotkey': 'ctrl+win+h'}
2026-07-02 19:46:24,854 [INFO] [配置] 已保存 config.json：{'idle_seconds': 543, 'whitelist': [], 'hotkey': 'ctrl+win+h'}
2026-07-02 19:46:24,856 [INFO] [配置] 已保存 config.json：{'idle_seconds': 520, 'whitelist': [], 'hotkey': 'ctrl+win+h'}
2026-07-02 19:46:24,858 [INFO] [配置] 已保存 config.json：{'idle_seconds': 508, 'whitelist': [], 'hotkey': 'ctrl+win+h'}
2026-07-02 19:46:24,860 [INFO] [配置] 已保存 config.json：{'idle_seconds': 484, 'whitelist': [], 'hotkey': 'ctrl+win+h'}
2026-07-02 19:46:24,862 [INFO] [配置] 已保存 config.json：{'idle_seconds': 461, 'whitelist': [], 'hotkey': 'ctrl+win+h'}
2026-07-02 19:46:24,864 [INFO] [配置] 已保存 config.json：{'idle_seconds': 449, 'whitelist': [], 'hotkey': 'ctrl+win+h'}
2026-07-02 19:46:24,865 [INFO] [配置] 已保存 config.json：{'idle_seconds': 437, 'whitelist': [], 'hotkey': 'ctrl+win+h'}
2026-07-02 19:46:24,866 [INFO] [配置] 已保存 config.json：{'idle_seconds': 414, 'whitelist': [], 'hotkey': 'ctrl+win+h'}
2026-07-02 19:46:24,869 [INFO] [配置] 已保存 config.json：{'idle_seconds': 402, 'whitelist': [], 'hotkey': 'ctrl+win+h'}
2026-07-02 19:46:24,872 [INFO] [配置] 已保存 config.json：{'idle_seconds': 390, 'whitelist': [], 'hotkey': 'ctrl+win+h'}
2026-07-02 19:46:24,874 [INFO] [配置] 已保存 config.json：{'idle_seconds': 379, 'whitelist': [], 'hotkey': 'ctrl+win+h'}
2026-07-02 19:46:24,876 [INFO] [配置] 已保存 config.json：{'idle_seconds': 367, 'whitelist': [], 'hotkey': 'ctrl+win+h'}
2026-07-02 19:46:24,880 [INFO] [配置] 已保存 config.json：{'idle_seconds': 355, 'whitelist': [], 'hotkey': 'ctrl+win+h'}
2026-07-02 19:46:24,883 [INFO] [配置] 已保存 config.json：{'idle_seconds': 343, 'whitelist': [], 'hotkey': 'ctrl+win+h'}
2026-07-02 19:46:24,884 [INFO] [配置] 已保存 config.json：{'idle_seconds': 332, 'whitelist': [], 'hotkey': 'ctrl+win+h'}
2026-07-02 19:46:24,887 [INFO] [配置] 已保存 config.json：{'idle_seconds': 320, 'whitelist': [], 'hotkey': 'ctrl+win+h'}
2026-07-02 19:46:24,889 [INFO] [配置] 已保存 config.json：{'idle_seconds': 308, 'whitelist': [], 'hotkey': 'ctrl+win+h'}
2026-07-02 19:46:24,893 [INFO] [配置] 已保存 config.json：{'idle_seconds': 296, 'whitelist': [], 'hotkey': 'ctrl+win+h'}
2026-07-02 19:46:24,896 [INFO] [配置] 已保存 config.json：{'idle_seconds': 285, 'whitelist': [], 'hotkey': 'ctrl+win+h'}
2026-07-02 19:46:24,897 [INFO] [配置] 已保存 config.json：{'idle_seconds': 273, 'whitelist': [], 'hotkey': 'ctrl+win+h'}
2026-07-02 19:46:24,900 [INFO] [配置] 已保存 config.json：{'idle_seconds': 261, 'whitelist': [], 'hotkey': 'ctrl+win+h'}
2026-07-02 19:46:24,903 [INFO] [配置] 已保存 config.json：{'idle_seconds': 249, 'whitelist': [], 'hotkey': 'ctrl+win+h'}
2026-07-02 19:46:24,905 [INFO] [配置] 已保存 config.json：{'idle_seconds': 238, 'whitelist': [], 'hotkey': 'ctrl+win+h'}
2026-07-02 19:46:24,906 [INFO] [配置] 已保存 config.json：{'idle_seconds': 226, 'whitelist': [], 'hotkey': 'ctrl+win+h'}
2026-07-02 19:46:24,908 [INFO] [配置] 已保存 config.json：{'idle_seconds': 214, 'whitelist': [], 'hotkey': 'ctrl+win+h'}
2026-07-02 19:46:24,912 [INFO] [配置] 已保存 config.json：{'idle_seconds': 202, 'whitelist': [], 'hotkey': 'ctrl+win+h'}
2026-07-02 19:46:24,914 [INFO] [配置] 已保存 config.json：{'idle_seconds': 191, 'whitelist': [], 'hotkey': 'ctrl+win+h'}
2026-07-02 19:46:24,917 [INFO] [配置] 已保存 config.json：{'idle_seconds': 179, 'whitelist': [], 'hotkey': 'ctrl+win+h'}
2026-07-02 19:46:24,920 [INFO] [配置] 已保存 config.json：{'idle_seconds': 167, 'whitelist': [], 'hotkey': 'ctrl+win+h'}
2026-07-02 19:46:24,924 [INFO] [配置] 已保存 config.json：{'idle_seconds': 155, 'whitelist': [], 'hotkey': 'ctrl+win+h'}
2026-07-02 19:46:24,927 [INFO] [配置] 已保存 config.json：{'idle_seconds': 144, 'whitelist': [], 'hotkey': 'ctrl+win+h'}
2026-07-02 19:46:24,932 [INFO] [配置] 已保存 config.json：{'idle_seconds': 132, 'whitelist': [], 'hotkey': 'ctrl+win+h'}
2026-07-02 19:46:24,937 [INFO] [配置] 已保存 config.json：{'idle_seconds': 120, 'whitelist': [], 'hotkey': 'ctrl+win+h'}
2026-07-02 19:46:24,945 [INFO] [配置] 已保存 config.json：{'idle_seconds': 108, 'whitelist': [], 'hotkey': 'ctrl+win+h'}
2026-07-02 19:46:24,959 [INFO] [配置] 已保存 config.json：{'idle_seconds': 97, 'whitelist': [], 'hotkey': 'ctrl+win+h'}
2026-07-02 19:46:24,962 [INFO] [配置] 已保存 config.json：{'idle_seconds': 85, 'whitelist': [], 'hotkey': 'ctrl+win+h'}
2026-07-02 19:46:24,965 [INFO] [配置] 已保存 config.json：{'idle_seconds': 73, 'whitelist': [], 'hotkey': 'ctrl+win+h'}
2026-07-02 19:46:24,973 [INFO] [配置] 已保存 config.json：{'idle_seconds': 61, 'whitelist': [], 'hotkey': 'ctrl+win+h'}
2026-07-02 19:46:24,980 [INFO] [配置] 已保存 config.json：{'idle_seconds': 50, 'whitelist': [], 'hotkey': 'ctrl+win+h'}
2026-07-02 19:46:24,984 [INFO] [配置] 已保存 config.json：{'idle_seconds': 38, 'whitelist': [], 'hotkey': 'ctrl+win+h'}
2026-07-02 19:46:24,988 [INFO] [配置] 已保存 config.json：{'idle_seconds': 26, 'whitelist': [], 'hotkey': 'ctrl+win+h'}
2026-07-02 19:46:24,997 [INFO] [配置] 已保存 config.json：{'idle_seconds': 14, 'whitelist': [], 'hotkey': 'ctrl+win+h'}
2026-07-02 19:46:24,999 [INFO] [配置] 已保存 config.json：{'idle_seconds': 3, 'whitelist': [], 'hotkey': 'ctrl+win+h'}
2026-07-02 19:46:25,000 [INFO] [配置] 已保存 config.json：{'idle_seconds': 3, 'whitelist': [], 'hotkey': 'ctrl+win+h'}
2026-07-02 19:46:25,004 [INFO] [配置] 已保存 config.json：{'idle_seconds': 3, 'whitelist': [], 'hotkey': 'ctrl+win+h'}
2026-07-02 19:46:25,006 [INFO] [配置] 已保存 config.json：{'idle_seconds': 3, 'whitelist': [], 'hotkey': 'ctrl+win+h'}
2026-07-02 19:46:25,010 [INFO] [配置] 已保存 config.json：{'idle_seconds': 3, 'whitelist': [], 'hotkey': 'ctrl+win+h'}
2026-07-02 19:46:25,012 [INFO] [配置] 已保存 config.json：{'idle_seconds': 3, 'whitelist': [], 'hotkey': 'ctrl+win+h'}
2026-07-02 19:46:25,016 [INFO] [配置] 已保存 config.json：{'idle_seconds': 3, 'whitelist': [], 'hotkey': 'ctrl+win+h'}
2026-07-02 19:46:25,020 [INFO] [配置] 已保存 config.json：{'idle_seconds': 3, 'whitelist': [], 'hotkey': 'ctrl+win+h'}
2026-07-02 19:46:25,023 [INFO] [配置] 已保存 config.json：{'idle_seconds': 3, 'whitelist': [], 'hotkey': 'ctrl+win+h'}
2026-07-02 19:46:25,025 [INFO] [配置] 已保存 config.json：{'idle_seconds': 3, 'whitelist': [], 'hotkey': 'ctrl+win+h'}
2026-07-02 19:46:25,027 [INFO] [配置] 已保存 config.json：{'idle_seconds': 3, 'whitelist': [], 'hotkey': 'ctrl+win+h'}
2026-07-02 19:46:25,029 [INFO] [配置] 已保存 config.json：{'idle_seconds': 3, 'whitelist': [], 'hotkey': 'ctrl+win+h'}
2026-07-02 19:46:25,033 [INFO] [配置] 已保存 config.json：{'idle_seconds': 3, 'whitelist': [], 'hotkey': 'ctrl+win+h'}
2026-07-02 19:46:25,036 [INFO] [配置] 已保存 config.json：{'idle_seconds': 3, 'whitelist': [], 'hotkey': 'ctrl+win+h'}
2026-07-02 19:46:25,036 [INFO] [配置] 已保存 config.json：{'idle_seconds': 3, 'whitelist': [], 'hotkey': 'ctrl+win+h'}
2026-07-02 19:46:25,040 [INFO] [配置] 已保存 config.json：{'idle_seconds': 3, 'whitelist': [], 'hotkey': 'ctrl+win+h'}
2026-07-02 19:46:25,044 [INFO] [配置] 已保存 config.json：{'idle_seconds': 3, 'whitelist': [], 'hotkey': 'ctrl+win+h'}
2026-07-02 19:46:25,046 [INFO] [配置] 已保存 config.json：{'idle_seconds': 3, 'whitelist': [], 'hotkey': 'ctrl+win+h'}
2026-07-02 19:46:25,047 [INFO] [配置] 已保存 config.json：{'idle_seconds': 3, 'whitelist': [], 'hotkey': 'ctrl+win+h'}
2026-07-02 19:46:25,051 [INFO] [配置] 已保存 config.json：{'idle_seconds': 3, 'whitelist': [], 'hotkey': 'ctrl+win+h'}
2026-07-02 19:46:25,064 [INFO] [配置] 已保存 config.json：{'idle_seconds': 3, 'whitelist': [], 'hotkey': 'ctrl+win+h'}
2026-07-02 19:46:25,067 [INFO] [配置] 已保存 config.json：{'idle_seconds': 3, 'whitelist': [], 'hotkey': 'ctrl+win+h'}
2026-07-02 19:46:25,069 [INFO] [配置] 已保存 config.json：{'idle_seconds': 3, 'whitelist': [], 'hotkey': 'ctrl+win+h'}
2026-07-02 19:46:25,071 [INFO] [配置] 已保存 config.json：{'idle_seconds': 3, 'whitelist': [], 'hotkey': 'ctrl+win+h'}
2026-07-02 19:46:25,072 [INFO] [配置] 已保存 config.json：{'idle_seconds': 3, 'whitelist': [], 'hotkey': 'ctrl+win+h'}
2026-07-02 19:46:25,074 [INFO] [配置] 已保存 config.json：{'idle_seconds': 3, 'whitelist': [], 'hotkey': 'ctrl+win+h'}
2026-07-02 19:46:25,076 [INFO] [配置] 已保存 config.json：{'idle_seconds': 3, 'whitelist': [], 'hotkey': 'ctrl+win+h'}
2026-07-02 19:46:25,077 [INFO] [配置] 已保存 config.json：{'idle_seconds': 3, 'whitelist': [], 'hotkey': 'ctrl+win+h'}
2026-07-02 19:46:25,079 [INFO] [配置] 已保存 config.json：{'idle_seconds': 3, 'whitelist': [], 'hotkey': 'ctrl+win+h'}
2026-07-02 19:46:25,081 [INFO] [配置] 已保存 config.json：{'idle_seconds': 3, 'whitelist': [], 'hotkey': 'ctrl+win+h'}
2026-07-02 19:46:25,085 [INFO] [配置] 已保存 config.json：{'idle_seconds': 3, 'whitelist': [], 'hotkey': 'ctrl+win+h'}
2026-07-02 19:46:25,086 [INFO] [配置] 已保存 config.json：{'idle_seconds': 3, 'whitelist': [], 'hotkey': 'ctrl+win+h'}
2026-07-02 19:46:25,089 [INFO] [配置] 已保存 config.json：{'idle_seconds': 3, 'whitelist': [], 'hotkey': 'ctrl+win+h'}
2026-07-02 19:46:25,092 [INFO] [配置] 已保存 config.json：{'idle_seconds': 3, 'whitelist': [], 'hotkey': 'ctrl+win+h'}
2026-07-02 19:46:25,093 [INFO] [配置] 已保存 config.json：{'idle_seconds': 3, 'whitelist': [], 'hotkey': 'ctrl+win+h'}
2026-07-02 19:46:25,095 [INFO] [配置] 已保存 config.json：{'idle_seconds': 3, 'whitelist': [], 'hotkey': 'ctrl+win+h'}
2026-07-02 19:46:25,098 [INFO] [配置] 已保存 config.json：{'idle_seconds': 3, 'whitelist': [], 'hotkey': 'ctrl+win+h'}
2026-07-02 19:46:25,101 [INFO] [配置] 已保存 config.json：{'idle_seconds': 3, 'whitelist': [], 'hotkey': 'ctrl+win+h'}
2026-07-02 19:46:25,103 [INFO] [配置] 已保存 config.json：{'idle_seconds': 3, 'whitelist': [], 'hotkey': 'ctrl+win+h'}
2026-07-02 19:46:25,106 [INFO] [配置] 已保存 config.json：{'idle_seconds': 3, 'whitelist': [], 'hotkey': 'ctrl+win+h'}
2026-07-02 19:46:25,109 [INFO] [配置] 已保存 config.json：{'idle_seconds': 3, 'whitelist': [], 'hotkey': 'ctrl+win+h'}
2026-07-02 19:46:25,113 [INFO] [配置] 已保存 config.json：{'idle_seconds': 3, 'whitelist': [], 'hotkey': 'ctrl+win+h'}
2026-07-02 19:46:25,115 [INFO] [配置] 已保存 config.json：{'idle_seconds': 3, 'whitelist': [], 'hotkey': 'ctrl+win+h'}
2026-07-02 19:46:25,120 [INFO] [配置] 已保存 config.json：{'idle_seconds': 3, 'whitelist': [], 'hotkey': 'ctrl+win+h'}
2026-07-02 19:46:25,123 [INFO] [配置] 已保存 config.json：{'idle_seconds': 3, 'whitelist': [], 'hotkey': 'ctrl+win+h'}
2026-07-02 19:46:25,128 [INFO] [配置] 已保存 config.json：{'idle_seconds': 3, 'whitelist': [], 'hotkey': 'ctrl+win+h'}
2026-07-02 19:46:25,131 [INFO] [配置] 已保存 config.json：{'idle_seconds': 3, 'whitelist': [], 'hotkey': 'ctrl+win+h'}
2026-07-02 19:46:25,137 [INFO] [配置] 已保存 config.json：{'idle_seconds': 3, 'whitelist': [], 'hotkey': 'ctrl+win+h'}
2026-07-02 19:46:25,146 [INFO] [配置] 已保存 config.json：{'idle_seconds': 3, 'whitelist': [], 'hotkey': 'ctrl+win+h'}
2026-07-02 19:46:25,164 [INFO] [配置] 已保存 config.json：{'idle_seconds': 3, 'whitelist': [], 'hotkey': 'ctrl+win+h'}
2026-07-02 19:46:25,167 [INFO] [配置] 已保存 config.json：{'idle_seconds': 3, 'whitelist': [], 'hotkey': 'ctrl+win+h'}
2026-07-02 19:46:26,323 [INFO] [配置] 已保存 config.json：{'idle_seconds': 4, 'whitelist': [], 'hotkey': 'ctrl+win+h'}
2026-07-02 19:46:26,582 [INFO] [配置] 已保存 config.json：{'idle_seconds': 5, 'whitelist': [], 'hotkey': 'ctrl+win+h'}
2026-07-02 19:46:26,927 [INFO] [配置] 已保存 config.json：{'idle_seconds': 6, 'whitelist': [], 'hotkey': 'ctrl+win+h'}
2026-07-02 19:46:27,231 [INFO] [配置] 已保存 config.json：{'idle_seconds': 7, 'whitelist': [], 'hotkey': 'ctrl+win+h'}
2026-07-02 19:46:27,331 [INFO] [配置] 已保存 config.json：{'idle_seconds': 8, 'whitelist': [], 'hotkey': 'ctrl+win+h'}
2026-07-02 19:46:28,308 [INFO] [状态] ACTIVE → IDLE
2026-07-02 19:46:28,341 [INFO] [UI-SYNC] UI 滞后纠正：ACTIVE → IDLE
2026-07-02 19:46:28,790 [INFO] [状态] IDLE → ACTIVE
2026-07-02 19:46:28,850 [INFO] [UI-SYNC] UI 滞后纠正：IDLE → ACTIVE
2026-07-02 19:46:31,714 [INFO] [状态] ACTIVE → IDLE
2026-07-02 19:46:31,910 [INFO] [UI-SYNC] UI 滞后纠正：ACTIVE → IDLE
2026-07-02 19:46:31,995 [INFO] [状态] IDLE → ACTIVE
2026-07-02 19:46:32,173 [INFO] [UI-SYNC] UI 滞后纠正：IDLE → ACTIVE
2026-07-02 19:46:37,186 [INFO] [配置] 已保存 config.json：{'idle_seconds': 8, 'whitelist': ['python.exe'], 'hotkey': 'ctrl+win+h'}
2026-07-02 19:46:37,187 [INFO] [白名单] 已添加：python.exe
2026-07-02 19:46:37,187 [INFO] [白名单] 从当前窗口添加：python.exe
2026-07-02 19:46:37,522 [INFO] [状态] ACTIVE → IDLE
2026-07-02 19:46:37,755 [INFO] [UI-SYNC] UI 滞后纠正：ACTIVE → IDLE
2026-07-02 19:46:37,893 [INFO] [白名单] 程序活跃，暂停监控：python.exe
2026-07-02 19:46:37,895 [INFO] [状态] IDLE → ACTIVE
2026-07-02 19:46:38,006 [INFO] [UI-SYNC] UI 滞后纠正：IDLE → ACTIVE
2026-07-02 19:46:39,183 [INFO] [配置] 已保存 config.json：{'idle_seconds': 8, 'whitelist': [], 'hotkey': 'ctrl+win+h'}
2026-07-02 19:46:39,184 [INFO] [白名单] 已移除：python.exe
2026-07-02 19:46:39,184 [INFO] [白名单] GUI 移除：python.exe
2026-07-02 19:46:41,528 [INFO] [状态] ACTIVE → IDLE
2026-07-02 19:46:41,593 [INFO] [UI-SYNC] UI 滞后纠正：ACTIVE → IDLE
2026-07-02 19:46:41,609 [INFO] [状态] IDLE → ACTIVE
2026-07-02 19:46:41,845 [INFO] [UI-SYNC] UI 滞后纠正：IDLE → ACTIVE
2026-07-02 19:46:45,034 [INFO] [配置] 已保存 config.json：{'idle_seconds': 8, 'whitelist': ['python.exe'], 'hotkey': 'ctrl+win+h'}
2026-07-02 19:46:45,034 [INFO] [白名单] 已添加：python.exe
2026-07-02 19:46:45,034 [INFO] [白名单] 从当前窗口添加：python.exe
2026-07-02 19:46:45,333 [INFO] [状态] ACTIVE → IDLE
2026-07-02 19:46:45,425 [INFO] [UI-SYNC] UI 滞后纠正：ACTIVE → IDLE
2026-07-02 19:46:45,496 [INFO] [白名单] 程序活跃，暂停监控：python.exe
2026-07-02 19:46:45,496 [INFO] [状态] IDLE → ACTIVE
2026-07-02 19:46:45,554 [WARNING] [UI-SYNC] 兜底：标签与 ACTIVE 状态不一致，已强制对齐
2026-07-02 19:46:45,689 [INFO] [UI-SYNC] UI 滞后纠正：IDLE → ACTIVE
2026-07-02 19:46:49,919 [INFO] [配置] 已保存 config.json：{'idle_seconds': 8, 'whitelist': [], 'hotkey': 'ctrl+win+h'}
2026-07-02 19:46:49,919 [INFO] [白名单] 已移除：python.exe
2026-07-02 19:46:49,919 [INFO] [白名单] GUI 移除：python.exe
2026-07-02 19:47:01,356 [INFO] [状态] ACTIVE → IDLE
2026-07-02 19:47:01,454 [INFO] [UI-SYNC] UI 滞后纠正：ACTIVE → IDLE
2026-07-02 19:47:02,054 [INFO] [状态] IDLE → ACTIVE
2026-07-02 19:47:02,206 [INFO] [UI-SYNC] UI 滞后纠正：IDLE → ACTIVE
2026-07-02 19:47:02,558 [INFO] [状态] ACTIVE → IDLE
2026-07-02 19:47:02,722 [INFO] [UI-SYNC] UI 滞后纠正：ACTIVE → IDLE
2026-07-02 19:47:02,754 [INFO] [状态] IDLE → ACTIVE
2026-07-02 19:47:02,974 [INFO] [UI-SYNC] UI 滞后纠正：IDLE → ACTIVE
2026-07-02 19:47:03,359 [INFO] [状态] ACTIVE → IDLE
2026-07-02 19:47:03,485 [INFO] [UI-SYNC] UI 滞后纠正：ACTIVE → IDLE
2026-07-02 19:47:04,236 [INFO] [状态] IDLE → ACTIVE
2026-07-02 19:47:04,245 [INFO] [UI-SYNC] UI 滞后纠正：IDLE → ACTIVE
2026-07-02 19:47:05,162 [INFO] [状态] ACTIVE → IDLE
2026-07-02 19:47:05,268 [INFO] [UI-SYNC] UI 滞后纠正：ACTIVE → IDLE
2026-07-02 19:47:05,638 [INFO] [状态] IDLE → ACTIVE
2026-07-02 19:47:05,769 [INFO] [UI-SYNC] UI 滞后纠正：IDLE → ACTIVE
2026-07-02 19:47:06,164 [INFO] [状态] ACTIVE → IDLE
2026-07-02 19:47:06,284 [INFO] [UI-SYNC] UI 滞后纠正：ACTIVE → IDLE
2026-07-02 19:47:06,469 [INFO] [状态] IDLE → ACTIVE
2026-07-02 19:47:06,536 [INFO] [UI-SYNC] UI 滞后纠正：IDLE → ACTIVE
2026-07-02 19:47:07,166 [INFO] [状态] ACTIVE → IDLE
2026-07-02 19:47:07,199 [INFO] [状态] IDLE → ACTIVE
2026-07-02 19:47:07,768 [INFO] [状态] ACTIVE → IDLE
2026-07-02 19:47:07,818 [INFO] [UI-SYNC] UI 滞后纠正：ACTIVE → IDLE
2026-07-02 19:47:07,891 [INFO] [状态] IDLE → ACTIVE
2026-07-02 19:47:08,073 [INFO] [UI-SYNC] UI 滞后纠正：IDLE → ACTIVE
2026-07-02 19:47:08,569 [INFO] [状态] ACTIVE → IDLE
2026-07-02 19:47:08,580 [INFO] [UI-SYNC] UI 滞后纠正：ACTIVE → IDLE
2026-07-02 19:47:08,681 [INFO] [状态] IDLE → ACTIVE
2026-07-02 19:47:08,830 [INFO] [UI-SYNC] UI 滞后纠正：IDLE → ACTIVE
2026-07-02 19:47:09,371 [INFO] [状态] ACTIVE → IDLE
2026-07-02 19:47:09,494 [INFO] [状态] IDLE → ACTIVE
2026-07-02 19:47:10,173 [INFO] [状态] ACTIVE → IDLE
2026-07-02 19:47:10,225 [INFO] [状态] IDLE → ACTIVE
2026-07-02 19:47:10,774 [INFO] [状态] ACTIVE → IDLE
2026-07-02 19:47:10,793 [INFO] [状态] IDLE → ACTIVE
2026-07-02 19:47:12,577 [INFO] [状态] ACTIVE → IDLE
2026-07-02 19:47:12,670 [INFO] [UI-SYNC] UI 滞后纠正：ACTIVE → IDLE
2026-07-02 19:47:13,143 [INFO] [状态] IDLE → ACTIVE
2026-07-02 19:47:13,178 [INFO] [UI-SYNC] UI 滞后纠正：IDLE → ACTIVE
2026-07-02 19:47:15,784 [INFO] [状态] ACTIVE → IDLE
2026-07-02 19:47:15,974 [INFO] [UI-SYNC] UI 滞后纠正：ACTIVE → IDLE
2026-07-02 19:47:16,677 [INFO] [状态] IDLE → ACTIVE
2026-07-02 19:47:16,731 [INFO] [UI-SYNC] UI 滞后纠正：IDLE → ACTIVE
2026-07-02 19:47:17,937 [INFO] [配置] 已保存 config.json：{'idle_seconds': 61, 'whitelist': [], 'hotkey': 'ctrl+win+h'}
2026-07-02 19:47:17,987 [INFO] [配置] 已保存 config.json：{'idle_seconds': 73, 'whitelist': [], 'hotkey': 'ctrl+win+h'}
2026-07-02 19:47:17,992 [INFO] [配置] 已保存 config.json：{'idle_seconds': 85, 'whitelist': [], 'hotkey': 'ctrl+win+h'}
2026-07-02 19:47:18,006 [INFO] [配置] 已保存 config.json：{'idle_seconds': 97, 'whitelist': [], 'hotkey': 'ctrl+win+h'}
2026-07-02 19:47:18,008 [INFO] [配置] 已保存 config.json：{'idle_seconds': 108, 'whitelist': [], 'hotkey': 'ctrl+win+h'}
2026-07-02 19:47:18,011 [INFO] [配置] 已保存 config.json：{'idle_seconds': 120, 'whitelist': [], 'hotkey': 'ctrl+win+h'}
2026-07-02 19:47:18,012 [INFO] [配置] 已保存 config.json：{'idle_seconds': 132, 'whitelist': [], 'hotkey': 'ctrl+win+h'}
2026-07-02 19:47:18,014 [INFO] [配置] 已保存 config.json：{'idle_seconds': 167, 'whitelist': [], 'hotkey': 'ctrl+win+h'}
2026-07-02 19:47:18,015 [INFO] [配置] 已保存 config.json：{'idle_seconds': 202, 'whitelist': [], 'hotkey': 'ctrl+win+h'}
2026-07-02 19:47:18,020 [INFO] [配置] 已保存 config.json：{'idle_seconds': 214, 'whitelist': [], 'hotkey': 'ctrl+win+h'}
2026-07-02 19:47:18,022 [INFO] [配置] 已保存 config.json：{'idle_seconds': 249, 'whitelist': [], 'hotkey': 'ctrl+win+h'}
2026-07-02 19:47:18,025 [INFO] [配置] 已保存 config.json：{'idle_seconds': 261, 'whitelist': [], 'hotkey': 'ctrl+win+h'}
2026-07-02 19:47:18,026 [INFO] [配置] 已保存 config.json：{'idle_seconds': 285, 'whitelist': [], 'hotkey': 'ctrl+win+h'}
2026-07-02 19:47:18,028 [INFO] [配置] 已保存 config.json：{'idle_seconds': 296, 'whitelist': [], 'hotkey': 'ctrl+win+h'}
2026-07-02 19:47:18,030 [INFO] [配置] 已保存 config.json：{'idle_seconds': 320, 'whitelist': [], 'hotkey': 'ctrl+win+h'}
2026-07-02 19:47:18,032 [INFO] [配置] 已保存 config.json：{'idle_seconds': 332, 'whitelist': [], 'hotkey': 'ctrl+win+h'}
2026-07-02 19:47:18,035 [INFO] [配置] 已保存 config.json：{'idle_seconds': 343, 'whitelist': [], 'hotkey': 'ctrl+win+h'}
2026-07-02 19:47:18,036 [INFO] [配置] 已保存 config.json：{'idle_seconds': 367, 'whitelist': [], 'hotkey': 'ctrl+win+h'}
2026-07-02 19:47:18,038 [INFO] [配置] 已保存 config.json：{'idle_seconds': 379, 'whitelist': [], 'hotkey': 'ctrl+win+h'}
2026-07-02 19:47:18,041 [INFO] [配置] 已保存 config.json：{'idle_seconds': 402, 'whitelist': [], 'hotkey': 'ctrl+win+h'}
2026-07-02 19:47:18,042 [INFO] [配置] 已保存 config.json：{'idle_seconds': 426, 'whitelist': [], 'hotkey': 'ctrl+win+h'}
2026-07-02 19:47:18,044 [INFO] [配置] 已保存 config.json：{'idle_seconds': 449, 'whitelist': [], 'hotkey': 'ctrl+win+h'}
2026-07-02 19:47:18,046 [INFO] [配置] 已保存 config.json：{'idle_seconds': 461, 'whitelist': [], 'hotkey': 'ctrl+win+h'}
2026-07-02 19:47:18,048 [INFO] [配置] 已保存 config.json：{'idle_seconds': 484, 'whitelist': [], 'hotkey': 'ctrl+win+h'}
2026-07-02 19:47:18,051 [INFO] [配置] 已保存 config.json：{'idle_seconds': 508, 'whitelist': [], 'hotkey': 'ctrl+win+h'}
2026-07-02 19:47:18,053 [INFO] [配置] 已保存 config.json：{'idle_seconds': 531, 'whitelist': [], 'hotkey': 'ctrl+win+h'}
2026-07-02 19:47:18,055 [INFO] [配置] 已保存 config.json：{'idle_seconds': 555, 'whitelist': [], 'hotkey': 'ctrl+win+h'}
2026-07-02 19:47:18,056 [INFO] [配置] 已保存 config.json：{'idle_seconds': 578, 'whitelist': [], 'hotkey': 'ctrl+win+h'}
2026-07-02 19:47:18,059 [INFO] [配置] 已保存 config.json：{'idle_seconds': 590, 'whitelist': [], 'hotkey': 'ctrl+win+h'}
2026-07-02 19:47:18,061 [INFO] [配置] 已保存 config.json：{'idle_seconds': 614, 'whitelist': [], 'hotkey': 'ctrl+win+h'}
2026-07-02 19:47:18,063 [INFO] [配置] 已保存 config.json：{'idle_seconds': 626, 'whitelist': [], 'hotkey': 'ctrl+win+h'}
2026-07-02 19:47:18,065 [INFO] [配置] 已保存 config.json：{'idle_seconds': 649, 'whitelist': [], 'hotkey': 'ctrl+win+h'}
2026-07-02 19:47:18,067 [INFO] [配置] 已保存 config.json：{'idle_seconds': 684, 'whitelist': [], 'hotkey': 'ctrl+win+h'}
2026-07-02 19:47:18,069 [INFO] [配置] 已保存 config.json：{'idle_seconds': 696, 'whitelist': [], 'hotkey': 'ctrl+win+h'}
2026-07-02 19:47:18,071 [INFO] [配置] 已保存 config.json：{'idle_seconds': 720, 'whitelist': [], 'hotkey': 'ctrl+win+h'}
2026-07-02 19:47:18,073 [INFO] [配置] 已保存 config.json：{'idle_seconds': 731, 'whitelist': [], 'hotkey': 'ctrl+win+h'}
2026-07-02 19:47:18,075 [INFO] [配置] 已保存 config.json：{'idle_seconds': 755, 'whitelist': [], 'hotkey': 'ctrl+win+h'}
2026-07-02 19:47:18,077 [INFO] [配置] 已保存 config.json：{'idle_seconds': 767, 'whitelist': [], 'hotkey': 'ctrl+win+h'}
2026-07-02 19:47:18,080 [INFO] [配置] 已保存 config.json：{'idle_seconds': 778, 'whitelist': [], 'hotkey': 'ctrl+win+h'}
2026-07-02 19:47:18,082 [INFO] [配置] 已保存 config.json：{'idle_seconds': 802, 'whitelist': [], 'hotkey': 'ctrl+win+h'}
2026-07-02 19:47:18,083 [INFO] [配置] 已保存 config.json：{'idle_seconds': 814, 'whitelist': [], 'hotkey': 'ctrl+win+h'}
2026-07-02 19:47:18,085 [INFO] [配置] 已保存 config.json：{'idle_seconds': 825, 'whitelist': [], 'hotkey': 'ctrl+win+h'}
2026-07-02 19:47:18,086 [INFO] [配置] 已保存 config.json：{'idle_seconds': 837, 'whitelist': [], 'hotkey': 'ctrl+win+h'}
2026-07-02 19:47:18,088 [INFO] [配置] 已保存 config.json：{'idle_seconds': 849, 'whitelist': [], 'hotkey': 'ctrl+win+h'}
2026-07-02 19:47:18,091 [INFO] [配置] 已保存 config.json：{'idle_seconds': 861, 'whitelist': [], 'hotkey': 'ctrl+win+h'}
2026-07-02 19:47:18,093 [INFO] [配置] 已保存 config.json：{'idle_seconds': 872, 'whitelist': [], 'hotkey': 'ctrl+win+h'}
2026-07-02 19:47:18,094 [INFO] [配置] 已保存 config.json：{'idle_seconds': 896, 'whitelist': [], 'hotkey': 'ctrl+win+h'}
2026-07-02 19:47:18,106 [INFO] [配置] 已保存 config.json：{'idle_seconds': 908, 'whitelist': [], 'hotkey': 'ctrl+win+h'}
2026-07-02 19:47:18,108 [INFO] [配置] 已保存 config.json：{'idle_seconds': 919, 'whitelist': [], 'hotkey': 'ctrl+win+h'}
2026-07-02 19:47:18,109 [INFO] [配置] 已保存 config.json：{'idle_seconds': 931, 'whitelist': [], 'hotkey': 'ctrl+win+h'}
2026-07-02 19:47:18,113 [INFO] [配置] 已保存 config.json：{'idle_seconds': 943, 'whitelist': [], 'hotkey': 'ctrl+win+h'}
2026-07-02 19:47:18,115 [INFO] [配置] 已保存 config.json：{'idle_seconds': 955, 'whitelist': [], 'hotkey': 'ctrl+win+h'}
2026-07-02 19:47:18,122 [INFO] [配置] 已保存 config.json：{'idle_seconds': 966, 'whitelist': [], 'hotkey': 'ctrl+win+h'}
2026-07-02 19:47:18,126 [INFO] [配置] 已保存 config.json：{'idle_seconds': 978, 'whitelist': [], 'hotkey': 'ctrl+win+h'}
2026-07-02 19:47:18,136 [INFO] [配置] 已保存 config.json：{'idle_seconds': 990, 'whitelist': [], 'hotkey': 'ctrl+win+h'}
2026-07-02 19:47:18,148 [INFO] [配置] 已保存 config.json：{'idle_seconds': 1002, 'whitelist': [], 'hotkey': 'ctrl+win+h'}
2026-07-02 19:47:18,153 [INFO] [配置] 已保存 config.json：{'idle_seconds': 1013, 'whitelist': [], 'hotkey': 'ctrl+win+h'}
2026-07-02 19:47:18,162 [INFO] [配置] 已保存 config.json：{'idle_seconds': 1025, 'whitelist': [], 'hotkey': 'ctrl+win+h'}
2026-07-02 19:47:18,166 [INFO] [配置] 已保存 config.json：{'idle_seconds': 1037, 'whitelist': [], 'hotkey': 'ctrl+win+h'}
2026-07-02 19:47:18,176 [INFO] [配置] 已保存 config.json：{'idle_seconds': 1049, 'whitelist': [], 'hotkey': 'ctrl+win+h'}
2026-07-02 19:47:18,179 [INFO] [配置] 已保存 config.json：{'idle_seconds': 1060, 'whitelist': [], 'hotkey': 'ctrl+win+h'}
2026-07-02 19:47:18,190 [INFO] [配置] 已保存 config.json：{'idle_seconds': 1072, 'whitelist': [], 'hotkey': 'ctrl+win+h'}
2026-07-02 19:47:18,196 [INFO] [配置] 已保存 config.json：{'idle_seconds': 1084, 'whitelist': [], 'hotkey': 'ctrl+win+h'}
2026-07-02 19:47:18,212 [INFO] [配置] 已保存 config.json：{'idle_seconds': 1096, 'whitelist': [], 'hotkey': 'ctrl+win+h'}
2026-07-02 19:47:18,257 [INFO] [配置] 已保存 config.json：{'idle_seconds': 1107, 'whitelist': [], 'hotkey': 'ctrl+win+h'}
2026-07-02 19:47:18,270 [INFO] [配置] 已保存 config.json：{'idle_seconds': 1119, 'whitelist': [], 'hotkey': 'ctrl+win+h'}
2026-07-02 19:47:18,273 [INFO] [配置] 已保存 config.json：{'idle_seconds': 1131, 'whitelist': [], 'hotkey': 'ctrl+win+h'}
2026-07-02 19:47:18,284 [INFO] [配置] 已保存 config.json：{'idle_seconds': 1143, 'whitelist': [], 'hotkey': 'ctrl+win+h'}
2026-07-02 19:47:18,292 [INFO] [配置] 已保存 config.json：{'idle_seconds': 1143, 'whitelist': [], 'hotkey': 'ctrl+win+h'}
2026-07-02 19:47:18,294 [INFO] [配置] 已保存 config.json：{'idle_seconds': 1154, 'whitelist': [], 'hotkey': 'ctrl+win+h'}
2026-07-02 19:47:18,312 [INFO] [配置] 已保存 config.json：{'idle_seconds': 1166, 'whitelist': [], 'hotkey': 'ctrl+win+h'}
2026-07-02 19:47:18,316 [INFO] [配置] 已保存 config.json：{'idle_seconds': 1178, 'whitelist': [], 'hotkey': 'ctrl+win+h'}
2026-07-02 19:47:18,328 [INFO] [配置] 已保存 config.json：{'idle_seconds': 1190, 'whitelist': [], 'hotkey': 'ctrl+win+h'}
2026-07-02 19:47:18,340 [INFO] [配置] 已保存 config.json：{'idle_seconds': 1202, 'whitelist': [], 'hotkey': 'ctrl+win+h'}
2026-07-02 19:47:18,356 [INFO] [配置] 已保存 config.json：{'idle_seconds': 1213, 'whitelist': [], 'hotkey': 'ctrl+win+h'}
2026-07-02 19:47:21,993 [INFO] [状态] ACTIVE → IDLE
2026-07-02 19:47:22,073 [INFO] [UI-SYNC] UI 滞后纠正：ACTIVE → IDLE
2026-07-02 19:47:28,593 [INFO] [状态] IDLE → ACTIVE
2026-07-02 19:47:28,674 [INFO] [UI-SYNC] UI 滞后纠正：IDLE → ACTIVE
2026-07-02 19:47:29,607 [INFO] [状态] ACTIVE → IDLE
2026-07-02 19:47:29,690 [INFO] [UI-SYNC] UI 滞后纠正：ACTIVE → IDLE
2026-07-02 19:47:29,834 [INFO] [状态] IDLE → ACTIVE
2026-07-02 19:47:29,955 [INFO] [UI-SYNC] UI 滞后纠正：IDLE → ACTIVE
2026-07-02 19:47:30,409 [INFO] [状态] ACTIVE → IDLE
2026-07-02 19:47:30,456 [INFO] [UI-SYNC] UI 滞后纠正：ACTIVE → IDLE
2026-07-02 19:47:31,282 [INFO] [状态] IDLE → ACTIVE
2026-07-02 19:47:31,475 [INFO] [UI-SYNC] UI 滞后纠正：IDLE → ACTIVE
2026-07-02 19:47:32,411 [INFO] [状态] ACTIVE → IDLE
2026-07-02 19:47:32,518 [INFO] [UI-SYNC] UI 滞后纠正：ACTIVE → IDLE
2026-07-02 19:47:32,766 [INFO] [状态] IDLE → ACTIVE
2026-07-02 19:47:32,782 [INFO] [UI-SYNC] UI 滞后纠正：IDLE → ACTIVE
2026-07-02 19:47:33,213 [INFO] [状态] ACTIVE → IDLE
2026-07-02 19:47:33,284 [INFO] [UI-SYNC] UI 滞后纠正：ACTIVE → IDLE
2026-07-02 19:47:33,830 [INFO] [状态] IDLE → ACTIVE
2026-07-02 19:47:34,050 [INFO] [UI-SYNC] UI 滞后纠正：IDLE → ACTIVE
2026-07-02 19:47:34,415 [INFO] [状态] ACTIVE → IDLE
2026-07-02 19:47:34,565 [INFO] [UI-SYNC] UI 滞后纠正：ACTIVE → IDLE
2026-07-02 19:47:34,570 [INFO] [状态] IDLE → ACTIVE
2026-07-02 19:47:34,690 [WARNING] [UI-SYNC] 兜底：标签与 ACTIVE 状态不一致，已强制对齐
2026-07-02 19:47:34,817 [INFO] [UI-SYNC] UI 滞后纠正：IDLE → ACTIVE
2026-07-02 19:47:35,017 [INFO] [状态] ACTIVE → IDLE
2026-07-02 19:47:35,068 [INFO] [UI-SYNC] UI 滞后纠正：ACTIVE → IDLE
2026-07-02 19:47:35,138 [INFO] [状态] IDLE → ACTIVE
2026-07-02 19:47:35,319 [INFO] [UI-SYNC] UI 滞后纠正：IDLE → ACTIVE
2026-07-02 19:47:35,618 [INFO] [状态] ACTIVE → IDLE
2026-07-02 19:47:35,730 [INFO] [状态] IDLE → ACTIVE
2026-07-02 19:47:36,219 [INFO] [状态] ACTIVE → IDLE
2026-07-02 19:47:36,236 [INFO] [状态] IDLE → ACTIVE
2026-07-02 19:47:36,620 [INFO] [状态] ACTIVE → IDLE
2026-07-02 19:47:36,643 [INFO] [状态] IDLE → ACTIVE
2026-07-02 19:47:37,021 [INFO] [状态] ACTIVE → IDLE
2026-07-02 19:47:37,097 [INFO] [UI-SYNC] UI 滞后纠正：ACTIVE → IDLE
2026-07-02 19:47:38,174 [INFO] [状态] IDLE → ACTIVE
2026-07-02 19:47:38,379 [INFO] [UI-SYNC] UI 滞后纠正：IDLE → ACTIVE
2026-07-02 19:47:38,823 [INFO] [状态] ACTIVE → IDLE
2026-07-02 19:47:38,881 [INFO] [UI-SYNC] UI 滞后纠正：ACTIVE → IDLE
2026-07-02 19:47:38,998 [INFO] [状态] IDLE → ACTIVE
2026-07-02 19:47:39,144 [INFO] [UI-SYNC] UI 滞后纠正：IDLE → ACTIVE
2026-07-02 19:47:40,426 [INFO] [状态] ACTIVE → IDLE
2026-07-02 19:47:40,540 [INFO] [状态] IDLE → ACTIVE
2026-07-02 19:47:42,029 [INFO] [状态] ACTIVE → IDLE
2026-07-02 19:47:42,191 [INFO] [UI-SYNC] UI 滞后纠正：ACTIVE → IDLE
2026-07-02 19:47:42,590 [INFO] [状态] IDLE → ACTIVE
2026-07-02 19:47:42,702 [INFO] [UI-SYNC] UI 滞后纠正：IDLE → ACTIVE
2026-07-02 19:47:43,032 [INFO] [状态] ACTIVE → IDLE
2026-07-02 19:47:43,208 [INFO] [UI-SYNC] UI 滞后纠正：ACTIVE → IDLE
2026-07-02 19:47:43,280 [INFO] [状态] IDLE → ACTIVE
2026-07-02 19:47:43,462 [INFO] [UI-SYNC] UI 滞后纠正：IDLE → ACTIVE
2026-07-02 19:47:43,633 [INFO] [状态] ACTIVE → IDLE
2026-07-02 19:47:43,724 [INFO] [UI-SYNC] UI 滞后纠正：ACTIVE → IDLE
2026-07-02 19:47:44,561 [INFO] [状态] IDLE → ACTIVE
2026-07-02 19:47:44,739 [WARNING] [UI-SYNC] 兜底：标签与 ACTIVE 状态不一致，已强制对齐
2026-07-02 19:47:44,740 [INFO] [UI-SYNC] UI 滞后纠正：IDLE → ACTIVE
2026-07-02 19:47:45,036 [INFO] [状态] ACTIVE → IDLE
2026-07-02 19:47:45,258 [INFO] [UI-SYNC] UI 滞后纠正：ACTIVE → IDLE
2026-07-02 19:47:59,616 [INFO] [状态] IDLE → ACTIVE
2026-07-02 19:47:59,785 [WARNING] [UI-SYNC] 兜底：标签与 ACTIVE 状态不一致，已强制对齐
2026-07-02 19:47:59,786 [INFO] [UI-SYNC] UI 滞后纠正：IDLE → ACTIVE
2026-07-02 19:48:06,430 [INFO] [配置] 已加载 config.json：{'idle_seconds': 1213, 'whitelist': [], 'hotkey': 'ctrl+win+h'}
2026-07-02 19:48:06,430 [INFO] [启动] 已加载空闲阈值：1213 秒
2026-07-02 19:48:06,737 [WARNING] [热键] keyboard 库不可用，热键功能已禁用。请 pip install keyboard 后重启。
2026-07-02 19:48:06,748 [INFO] [托盘] 已加载外部图标：C:\Users\Administrator\Desktop\app\app.ico
2026-07-02 19:48:06,751 [INFO] [监听] mouse 监听器已（重新）启动
2026-07-02 19:48:06,752 [INFO] [启动] 空闲 1213 秒后将隐藏桌面图标；右键托盘 "显示控制面板" 可打开设置。
2026-07-02 19:48:06,807 [INFO] [监听] keyboard 监听器已（重新）启动
2026-07-02 19:48:06,951 [INFO] [状态] ACTIVE → IDLE
2026-07-02 19:48:06,952 [INFO] [托盘] 已加载外部图标：C:\Users\Administrator\Desktop\app\app.ico
2026-07-02 19:48:07,294 [INFO] [状态] IDLE → ACTIVE
2026-07-02 19:48:07,530 [INFO] [UI-SYNC] UI 滞后纠正：IDLE → ACTIVE
2026-07-02 19:48:08,391 [INFO] [状态] ACTIVE → IDLE
2026-07-02 19:48:08,564 [INFO] [UI-SYNC] UI 滞后纠正：ACTIVE → IDLE
2026-07-02 19:48:08,651 [INFO] [状态] IDLE → ACTIVE
2026-07-02 19:48:08,785 [WARNING] [UI-SYNC] 兜底：标签与 ACTIVE 状态不一致，已强制对齐
2026-07-02 19:48:08,818 [INFO] [UI-SYNC] UI 滞后纠正：IDLE → ACTIVE
2026-07-02 19:48:09,577 [INFO] [UPDATE] 当前 1.3.0，服务器最新 1.2.2
2026-07-02 19:48:11,196 [INFO] [状态] ACTIVE → IDLE
2026-07-02 19:48:11,314 [INFO] [状态] IDLE → ACTIVE
2026-07-02 19:48:14,401 [INFO] [状态] ACTIVE → IDLE
2026-07-02 19:48:14,425 [INFO] [状态] IDLE → ACTIVE
2026-07-02 19:48:15,603 [INFO] [状态] ACTIVE → IDLE
2026-07-02 19:48:15,691 [INFO] [UI-SYNC] UI 滞后纠正：ACTIVE → IDLE
2026-07-02 19:48:15,920 [INFO] [状态] IDLE → ACTIVE
2026-07-02 19:48:15,955 [INFO] [UI-SYNC] UI 滞后纠正：IDLE → ACTIVE
2026-07-02 19:48:17,005 [INFO] [状态] ACTIVE → IDLE
2026-07-02 19:48:17,248 [INFO] [状态] IDLE → ACTIVE
2026-07-02 19:48:17,807 [INFO] [状态] ACTIVE → IDLE
2026-07-02 19:48:18,016 [INFO] [状态] IDLE → ACTIVE
2026-07-02 19:48:22,213 [INFO] [状态] ACTIVE → IDLE
2026-07-02 19:48:22,240 [INFO] [UI-SYNC] UI 滞后纠正：ACTIVE → IDLE
2026-07-02 19:48:22,533 [INFO] [状态] IDLE → ACTIVE
2026-07-02 19:48:22,769 [INFO] [UI-SYNC] UI 滞后纠正：IDLE → ACTIVE
2026-07-02 19:48:23,616 [INFO] [状态] ACTIVE → IDLE
2026-07-02 19:48:23,829 [INFO] [UI-SYNC] UI 滞后纠正：ACTIVE → IDLE
2026-07-02 19:48:24,443 [INFO] [状态] IDLE → ACTIVE
2026-07-02 19:48:24,613 [INFO] [UI-SYNC] UI 滞后纠正：IDLE → ACTIVE
2026-07-02 19:48:25,018 [INFO] [状态] ACTIVE → IDLE
2026-07-02 19:48:25,145 [INFO] [UI-SYNC] UI 滞后纠正：ACTIVE → IDLE
2026-07-02 19:48:25,638 [INFO] [状态] IDLE → ACTIVE
2026-07-02 19:48:25,674 [INFO] [UI-SYNC] UI 滞后纠正：IDLE → ACTIVE
2026-07-02 19:48:26,020 [INFO] [状态] ACTIVE → IDLE
2026-07-02 19:48:26,204 [INFO] [UI-SYNC] UI 滞后纠正：ACTIVE → IDLE
2026-07-02 19:48:26,330 [INFO] [状态] IDLE → ACTIVE
2026-07-02 19:48:26,474 [INFO] [UI-SYNC] UI 滞后纠正：IDLE → ACTIVE
2026-07-02 19:48:27,022 [INFO] [状态] ACTIVE → IDLE
2026-07-02 19:48:27,201 [INFO] [状态] IDLE → ACTIVE
2026-07-02 19:48:28,024 [INFO] [状态] ACTIVE → IDLE
2026-07-02 19:48:28,049 [INFO] [UI-SYNC] UI 滞后纠正：ACTIVE → IDLE
2026-07-02 19:48:28,065 [INFO] [状态] IDLE → ACTIVE
2026-07-02 19:48:28,319 [INFO] [UI-SYNC] UI 滞后纠正：IDLE → ACTIVE
2026-07-02 19:48:28,626 [INFO] [状态] ACTIVE → IDLE
2026-07-02 19:48:28,787 [INFO] [状态] IDLE → ACTIVE
2026-07-02 19:48:29,227 [INFO] [状态] ACTIVE → IDLE
2026-07-02 19:48:29,379 [INFO] [UI-SYNC] UI 滞后纠正：ACTIVE → IDLE
2026-07-02 19:48:31,506 [INFO] [状态] IDLE → ACTIVE
2026-07-02 19:48:31,752 [INFO] [UI-SYNC] UI 滞后纠正：IDLE → ACTIVE
2026-07-02 19:48:32,034 [INFO] [状态] ACTIVE → IDLE
2026-07-02 19:48:32,283 [INFO] [UI-SYNC] UI 滞后纠正：ACTIVE → IDLE
2026-07-02 19:48:33,597 [INFO] [状态] IDLE → ACTIVE
2026-07-02 19:48:33,598 [INFO] [UI-SYNC] UI 滞后纠正：IDLE → ACTIVE
2026-07-02 19:48:34,037 [INFO] [状态] ACTIVE → IDLE
2026-07-02 19:48:34,130 [INFO] [UI-SYNC] UI 滞后纠正：ACTIVE → IDLE
2026-07-02 19:48:34,225 [INFO] [状态] IDLE → ACTIVE
2026-07-02 19:48:34,396 [INFO] [UI-SYNC] UI 滞后纠正：IDLE → ACTIVE
2026-07-02 19:48:35,240 [INFO] [状态] ACTIVE → IDLE
2026-07-02 19:48:35,440 [INFO] [UI-SYNC] UI 滞后纠正：ACTIVE → IDLE
2026-07-02 19:48:39,346 [INFO] [状态] IDLE → ACTIVE
2026-07-02 19:48:39,407 [INFO] [UI-SYNC] UI 滞后纠正：IDLE → ACTIVE
2026-07-02 19:48:42,903 [INFO] [配置] 已加载 config.json：{'idle_seconds': 1213, 'whitelist': [], 'hotkey': 'ctrl+win+h'}
2026-07-02 19:48:42,903 [INFO] [启动] 已加载空闲阈值：1213 秒
2026-07-02 19:48:43,274 [INFO] [热键] 全局热键已注册：ctrl+win+h
2026-07-02 19:48:43,285 [INFO] [托盘] 已加载外部图标：C:\Users\Administrator\Desktop\app\app.ico
2026-07-02 19:48:43,287 [INFO] [监听] mouse 监听器已（重新）启动
2026-07-02 19:48:43,288 [INFO] [启动] 空闲 1213 秒后将隐藏桌面图标；右键托盘 "显示控制面板" 可打开设置。
2026-07-02 19:48:43,391 [INFO] [监听] keyboard 监听器已（重新）启动
2026-07-02 19:48:43,488 [INFO] [状态] ACTIVE → IDLE
2026-07-02 19:48:43,489 [INFO] [托盘] 已加载外部图标：C:\Users\Administrator\Desktop\app\app.ico
2026-07-02 19:48:43,881 [INFO] [状态] IDLE → ACTIVE
2026-07-02 19:48:44,069 [INFO] [UI-SYNC] UI 滞后纠正：IDLE → ACTIVE
2026-07-02 19:48:45,922 [INFO] [UPDATE] 当前 1.3.0，服务器最新 1.2.2
2026-07-02 19:48:47,432 [INFO] [状态] ACTIVE → IDLE
2026-07-02 19:48:47,584 [INFO] [UI-SYNC] UI 滞后纠正：ACTIVE → IDLE
2026-07-02 19:48:47,724 [INFO] [状态] IDLE → ACTIVE
2026-07-02 19:48:47,847 [INFO] [UI-SYNC] UI 滞后纠正：IDLE → ACTIVE
2026-07-02 19:48:48,434 [INFO] [状态] ACTIVE → IDLE
2026-07-02 19:48:48,614 [INFO] [UI-SYNC] UI 滞后纠正：ACTIVE → IDLE
2026-07-02 19:48:49,076 [INFO] [状态] IDLE → ACTIVE
2026-07-02 19:48:49,123 [INFO] [UI-SYNC] UI 滞后纠正：IDLE → ACTIVE
2026-07-02 19:48:49,436 [INFO] [状态] ACTIVE → IDLE
2026-07-02 19:48:49,574 [INFO] [状态] IDLE → ACTIVE
2026-07-02 19:48:49,837 [INFO] [热键] 收到切换请求，当前状态：ACTIVE
2026-07-02 19:48:49,838 [INFO] [状态] ACTIVE → HIDDEN
2026-07-02 19:48:49,884 [INFO] [UI-SYNC] UI 滞后纠正：ACTIVE → HIDDEN
2026-07-02 19:48:50,840 [INFO] [热键] 收到切换请求，当前状态：HIDDEN
2026-07-02 19:48:50,841 [WARNING] 显示桌面失败，但已强制重置状态以恢复监控
2026-07-02 19:48:50,841 [INFO] [状态] HIDDEN → ACTIVE
2026-07-02 19:48:50,923 [INFO] [UI-SYNC] UI 滞后纠正：HIDDEN → ACTIVE
2026-07-02 19:48:51,243 [INFO] [状态] ACTIVE → IDLE
2026-07-02 19:48:51,425 [INFO] [UI-SYNC] UI 滞后纠正：ACTIVE → IDLE
2026-07-02 19:48:51,612 [INFO] [状态] IDLE → ACTIVE
2026-07-02 19:48:51,643 [INFO] [热键] 收到切换请求，当前状态：ACTIVE
2026-07-02 19:48:51,645 [INFO] [状态] ACTIVE → HIDDEN
2026-07-02 19:48:51,684 [INFO] [UI-SYNC] UI 滞后纠正：IDLE → HIDDEN
2026-07-02 19:48:52,245 [INFO] [热键] 收到切换请求，当前状态：HIDDEN
2026-07-02 19:48:52,247 [WARNING] 显示桌面失败，但已强制重置状态以恢复监控
2026-07-02 19:48:52,248 [INFO] [状态] HIDDEN → ACTIVE
2026-07-02 19:48:52,320 [WARNING] [UI-SYNC] 兜底：标签与 ACTIVE 状态不一致，已强制对齐
2026-07-02 19:48:52,440 [INFO] [UI-SYNC] UI 滞后纠正：HIDDEN → ACTIVE
2026-07-02 19:48:52,649 [INFO] [状态] ACTIVE → IDLE
2026-07-02 19:48:52,695 [INFO] [UI-SYNC] UI 滞后纠正：ACTIVE → IDLE
2026-07-02 19:48:52,849 [INFO] [热键] 收到切换请求，当前状态：IDLE
2026-07-02 19:48:52,850 [INFO] [状态] IDLE → ACTIVE
2026-07-02 19:48:52,852 [INFO] [状态] ACTIVE → HIDDEN
2026-07-02 19:48:52,957 [INFO] [UI-SYNC] UI 滞后纠正：IDLE → HIDDEN
2026-07-02 19:48:53,453 [INFO] [热键] 收到切换请求，当前状态：HIDDEN
2026-07-02 19:48:53,454 [WARNING] 显示桌面失败，但已强制重置状态以恢复监控
2026-07-02 19:48:53,455 [INFO] [状态] HIDDEN → ACTIVE
2026-07-02 19:48:53,471 [INFO] [UI-SYNC] UI 滞后纠正：HIDDEN → ACTIVE
2026-07-02 19:48:53,857 [INFO] [状态] ACTIVE → IDLE
2026-07-02 19:48:53,987 [INFO] [UI-SYNC] UI 滞后纠正：ACTIVE → IDLE
2026-07-02 19:48:55,135 [INFO] [状态] IDLE → ACTIVE
2026-07-02 19:48:55,267 [INFO] [UI-SYNC] UI 滞后纠正：IDLE → ACTIVE
2026-07-02 19:49:00,267 [INFO] [状态] ACTIVE → IDLE
2026-07-02 19:49:00,336 [INFO] [UI-SYNC] UI 滞后纠正：ACTIVE → IDLE
2026-07-02 19:49:00,363 [INFO] [状态] IDLE → ACTIVE
2026-07-02 19:49:00,597 [INFO] [UI-SYNC] UI 滞后纠正：IDLE → ACTIVE
2026-07-02 19:49:02,669 [INFO] [状态] ACTIVE → IDLE
2026-07-02 19:49:02,882 [INFO] [UI-SYNC] UI 滞后纠正：ACTIVE → IDLE
2026-07-02 19:49:03,955 [INFO] [状态] IDLE → ACTIVE
2026-07-02 19:49:04,152 [INFO] [UI-SYNC] UI 滞后纠正：IDLE → ACTIVE
2026-07-02 19:49:05,674 [INFO] [状态] ACTIVE → IDLE
2026-07-02 19:49:05,675 [INFO] [UI-SYNC] UI 滞后纠正：ACTIVE → IDLE
2026-07-02 19:49:17,841 [INFO] [状态] IDLE → ACTIVE
2026-07-02 19:49:17,881 [INFO] [UI-SYNC] UI 滞后纠正：IDLE → ACTIVE
2026-07-02 19:49:18,291 [INFO] [状态] ACTIVE → IDLE
2026-07-02 19:49:18,389 [INFO] [UI-SYNC] UI 滞后纠正：ACTIVE → IDLE
2026-07-02 19:49:54,697 [INFO] [状态] IDLE → ACTIVE
2026-07-02 19:49:54,933 [INFO] [UI-SYNC] UI 滞后纠正：IDLE → ACTIVE
2026-07-02 19:49:57,352 [INFO] [状态] ACTIVE → IDLE
2026-07-02 19:49:57,486 [INFO] [UI-SYNC] UI 滞后纠正：ACTIVE → IDLE
2026-07-02 19:49:57,536 [INFO] [状态] IDLE → ACTIVE
2026-07-02 19:49:57,551 [WARNING] [UI-SYNC] 兜底：标签与 ACTIVE 状态不一致，已强制对齐
2026-07-02 19:49:57,751 [INFO] [UI-SYNC] UI 滞后纠正：IDLE → ACTIVE
2026-07-02 19:49:58,755 [INFO] [状态] ACTIVE → IDLE
2026-07-02 19:49:58,764 [INFO] [UI-SYNC] UI 滞后纠正：ACTIVE → IDLE
2026-07-02 19:49:59,225 [INFO] [状态] IDLE → ACTIVE
2026-07-02 19:49:59,276 [INFO] [UI-SYNC] UI 滞后纠正：IDLE → ACTIVE
2026-07-02 19:50:02,561 [INFO] [状态] ACTIVE → IDLE
2026-07-02 19:50:02,582 [INFO] [UI-SYNC] UI 滞后纠正：ACTIVE → IDLE
2026-07-02 19:50:21,813 [INFO] [状态] IDLE → ACTIVE
2026-07-02 19:50:21,951 [INFO] [UI-SYNC] UI 滞后纠正：IDLE → ACTIVE
2026-07-02 19:50:25,276 [INFO] [配置] 已保存 config.json：{'idle_seconds': 1213, 'whitelist': ['python.exe'], 'hotkey': 'ctrl+win+h'}
2026-07-02 19:50:25,276 [INFO] [白名单] 已添加：python.exe
2026-07-02 19:50:25,276 [INFO] [白名单] 从当前窗口添加：python.exe
2026-07-02 19:50:25,596 [INFO] [状态] ACTIVE → IDLE
2026-07-02 19:50:25,762 [INFO] [UI-SYNC] UI 滞后纠正：ACTIVE → IDLE
2026-07-02 19:50:26,206 [INFO] [白名单] 程序活跃，暂停监控：python.exe
2026-07-02 19:50:26,207 [INFO] [状态] IDLE → ACTIVE
2026-07-02 19:50:26,269 [INFO] [UI-SYNC] UI 滞后纠正：IDLE → ACTIVE
2026-07-02 19:50:29,691 [INFO] [白名单] 前台已切换为非白名单程序，恢复监控
2026-07-02 19:50:30,204 [INFO] [状态] ACTIVE → IDLE
2026-07-02 19:50:30,347 [INFO] [状态] IDLE → ACTIVE
2026-07-02 19:50:30,805 [INFO] [状态] ACTIVE → IDLE
2026-07-02 19:50:30,854 [INFO] [状态] IDLE → ACTIVE
2026-07-02 19:50:31,607 [INFO] [状态] ACTIVE → IDLE
2026-07-02 19:50:31,644 [INFO] [UI-SYNC] UI 滞后纠正：ACTIVE → IDLE
2026-07-02 19:50:38,305 [INFO] [状态] IDLE → ACTIVE
2026-07-02 19:50:38,520 [INFO] [UI-SYNC] UI 滞后纠正：IDLE → ACTIVE
2026-07-02 19:50:39,578 [INFO] [白名单] 程序活跃，暂停监控：python.exe
2026-07-02 19:50:47,319 [INFO] [配置] 已保存 config.json：{'idle_seconds': 1213, 'whitelist': [], 'hotkey': 'ctrl+win+h'}
2026-07-02 19:50:47,320 [INFO] [白名单] 已移除：python.exe
2026-07-02 19:50:47,320 [INFO] [白名单] GUI 移除：python.exe
2026-07-02 19:50:52,037 [INFO] [状态] ACTIVE → IDLE
2026-07-02 19:50:52,221 [INFO] [UI-SYNC] UI 滞后纠正：ACTIVE → IDLE
2026-07-02 19:51:08,577 [INFO] [状态] IDLE → ACTIVE
2026-07-02 19:51:08,767 [INFO] [UI-SYNC] UI 滞后纠正：IDLE → ACTIVE
2026-07-02 19:51:10,464 [INFO] [状态] ACTIVE → IDLE
2026-07-02 19:51:10,534 [INFO] [UI-SYNC] UI 滞后纠正：ACTIVE → IDLE
2026-07-02 19:51:10,650 [INFO] [状态] IDLE → ACTIVE
2026-07-02 19:51:10,785 [WARNING] [UI-SYNC] 兜底：标签与 ACTIVE 状态不一致，已强制对齐
2026-07-02 19:51:10,786 [INFO] [UI-SYNC] UI 滞后纠正：IDLE → ACTIVE
2026-07-02 19:51:12,067 [INFO] [状态] ACTIVE → IDLE
2026-07-02 19:51:12,317 [INFO] [UI-SYNC] UI 滞后纠正：ACTIVE → IDLE
2026-07-02 19:51:12,660 [INFO] [状态] IDLE → ACTIVE
2026-07-02 19:51:12,799 [WARNING] [UI-SYNC] 兜底：标签与 ACTIVE 状态不一致，已强制对齐
2026-07-02 19:51:12,822 [INFO] [UI-SYNC] UI 滞后纠正：IDLE → ACTIVE
2026-07-02 19:51:13,069 [INFO] [状态] ACTIVE → IDLE
2026-07-02 19:51:13,079 [INFO] [UI-SYNC] UI 滞后纠正：ACTIVE → IDLE
2026-07-02 19:51:13,160 [INFO] [状态] IDLE → ACTIVE
2026-07-02 19:51:13,335 [INFO] [UI-SYNC] UI 滞后纠正：IDLE → ACTIVE
2026-07-02 19:51:14,070 [INFO] [状态] ACTIVE → IDLE
2026-07-02 19:51:14,111 [INFO] [UI-SYNC] UI 滞后纠正：ACTIVE → IDLE
2026-07-02 19:51:15,167 [INFO] [状态] IDLE → ACTIVE
2026-07-02 19:51:15,378 [INFO] [UI-SYNC] UI 滞后纠正：IDLE → ACTIVE
2026-07-02 19:51:17,075 [INFO] [状态] ACTIVE → IDLE
2026-07-02 19:51:17,161 [INFO] [UI-SYNC] UI 滞后纠正：ACTIVE → IDLE
2026-07-02 19:51:17,288 [INFO] [状态] IDLE → ACTIVE
2026-07-02 19:51:17,421 [INFO] [UI-SYNC] UI 滞后纠正：IDLE → ACTIVE
2026-07-02 19:51:18,678 [INFO] [状态] ACTIVE → IDLE
2026-07-02 19:51:18,684 [INFO] [UI-SYNC] UI 滞后纠正：ACTIVE → IDLE
2026-07-02 19:51:19,012 [INFO] [状态] IDLE → ACTIVE
2026-07-02 19:51:19,189 [INFO] [UI-SYNC] UI 滞后纠正：IDLE → ACTIVE
2026-07-02 19:51:19,680 [INFO] [状态] ACTIVE → IDLE
2026-07-02 19:51:19,692 [INFO] [UI-SYNC] UI 滞后纠正：ACTIVE → IDLE
2026-07-02 19:51:20,482 [INFO] [状态] IDLE → ACTIVE
2026-07-02 19:51:20,719 [INFO] [UI-SYNC] UI 滞后纠正：IDLE → ACTIVE
2026-07-02 19:51:20,882 [INFO] [状态] ACTIVE → IDLE
2026-07-02 19:51:20,970 [INFO] [UI-SYNC] UI 滞后纠正：ACTIVE → IDLE
2026-07-02 19:51:22,871 [INFO] [状态] IDLE → ACTIVE
2026-07-02 19:51:23,018 [INFO] [UI-SYNC] UI 滞后纠正：IDLE → ACTIVE
2026-07-02 19:51:23,286 [INFO] [状态] ACTIVE → IDLE
2026-07-02 19:51:23,534 [INFO] [UI-SYNC] UI 滞后纠正：ACTIVE → IDLE
2026-07-02 19:51:27,434 [INFO] [状态] IDLE → ACTIVE
2026-07-02 19:51:27,612 [INFO] [UI-SYNC] UI 滞后纠正：IDLE → ACTIVE
2026-07-02 19:51:32,699 [INFO] [状态] ACTIVE → IDLE
2026-07-02 19:51:32,940 [INFO] [UI-SYNC] UI 滞后纠正：ACTIVE → IDLE
2026-07-02 19:51:33,254 [INFO] [状态] IDLE → ACTIVE
2026-07-02 19:51:33,443 [INFO] [UI-SYNC] UI 滞后纠正：IDLE → ACTIVE
2026-07-02 19:51:33,701 [INFO] [状态] ACTIVE → IDLE
2026-07-02 19:51:33,705 [INFO] [UI-SYNC] UI 滞后纠正：ACTIVE → IDLE
2026-07-02 19:51:33,965 [INFO] [状态] IDLE → ACTIVE
2026-07-02 19:51:34,217 [INFO] [UI-SYNC] UI 滞后纠正：IDLE → ACTIVE
2026-07-02 19:51:34,302 [INFO] [状态] ACTIVE → IDLE
2026-07-02 19:51:34,474 [INFO] [UI-SYNC] UI 滞后纠正：ACTIVE → IDLE
2026-07-02 19:51:34,633 [INFO] [状态] IDLE → ACTIVE
2026-07-02 19:51:34,732 [INFO] [UI-SYNC] UI 滞后纠正：IDLE → ACTIVE
2026-07-02 19:51:35,504 [INFO] [状态] ACTIVE → IDLE
2026-07-02 19:51:35,639 [INFO] [状态] IDLE → ACTIVE
2026-07-02 19:51:36,105 [INFO] [状态] ACTIVE → IDLE
2026-07-02 19:51:36,269 [INFO] [UI-SYNC] UI 滞后纠正：ACTIVE → IDLE
2026-07-02 19:51:37,152 [INFO] [状态] IDLE → ACTIVE
2026-07-02 19:51:37,298 [INFO] [UI-SYNC] UI 滞后纠正：IDLE → ACTIVE
2026-07-02 19:51:37,508 [INFO] [状态] ACTIVE → IDLE
2026-07-02 19:51:37,549 [INFO] [UI-SYNC] UI 滞后纠正：ACTIVE → IDLE
2026-07-02 19:51:37,761 [INFO] [状态] IDLE → ACTIVE
2026-07-02 19:51:37,800 [INFO] [UI-SYNC] UI 滞后纠正：IDLE → ACTIVE
2026-07-02 19:51:38,309 [INFO] [状态] ACTIVE → IDLE
2026-07-02 19:51:38,318 [INFO] [UI-SYNC] UI 滞后纠正：ACTIVE → IDLE
2026-07-02 19:51:38,423 [INFO] [状态] IDLE → ACTIVE
2026-07-02 19:51:38,570 [INFO] [UI-SYNC] UI 滞后纠正：IDLE → ACTIVE
2026-07-02 19:51:38,910 [INFO] [状态] ACTIVE → IDLE
2026-07-02 19:51:39,080 [INFO] [UI-SYNC] UI 滞后纠正：ACTIVE → IDLE
2026-07-02 19:51:39,649 [INFO] [状态] IDLE → ACTIVE
2026-07-02 19:51:39,849 [INFO] [UI-SYNC] UI 滞后纠正：IDLE → ACTIVE
2026-07-02 19:51:40,112 [INFO] [状态] ACTIVE → IDLE
2026-07-02 19:51:40,348 [INFO] [状态] IDLE → ACTIVE
2026-07-02 19:51:40,914 [INFO] [状态] ACTIVE → IDLE
2026-07-02 19:51:40,958 [INFO] [状态] IDLE → ACTIVE
2026-07-02 19:51:42,316 [INFO] [状态] ACTIVE → IDLE
2026-07-02 19:51:42,409 [INFO] [UI-SYNC] UI 滞后纠正：ACTIVE → IDLE
2026-07-02 19:51:42,624 [INFO] [状态] IDLE → ACTIVE
2026-07-02 19:51:42,672 [INFO] [UI-SYNC] UI 滞后纠正：IDLE → ACTIVE
2026-07-02 19:51:43,719 [INFO] [状态] ACTIVE → IDLE
2026-07-02 19:51:43,928 [INFO] [UI-SYNC] UI 滞后纠正：ACTIVE → IDLE
2026-07-02 19:51:44,136 [INFO] [状态] IDLE → ACTIVE
2026-07-02 19:51:44,189 [INFO] [UI-SYNC] UI 滞后纠正：IDLE → ACTIVE
2026-07-02 19:51:44,521 [INFO] [状态] ACTIVE → IDLE
2026-07-02 19:51:44,690 [INFO] [UI-SYNC] UI 滞后纠正：ACTIVE → IDLE
2026-07-02 19:51:45,508 [INFO] [状态] IDLE → ACTIVE
2026-07-02 19:51:45,715 [INFO] [UI-SYNC] UI 滞后纠正：IDLE → ACTIVE
2026-07-02 19:51:45,924 [INFO] [状态] ACTIVE → IDLE
2026-07-02 19:51:45,973 [INFO] [UI-SYNC] UI 滞后纠正：ACTIVE → IDLE
2026-07-02 19:51:46,036 [INFO] [状态] IDLE → ACTIVE
2026-07-02 19:51:46,223 [INFO] [UI-SYNC] UI 滞后纠正：IDLE → ACTIVE
2026-07-02 19:51:46,926 [INFO] [状态] ACTIVE → IDLE
2026-07-02 19:51:46,989 [INFO] [UI-SYNC] UI 滞后纠正：ACTIVE → IDLE
2026-07-02 19:51:47,343 [INFO] [状态] IDLE → ACTIVE
2026-07-02 19:51:47,503 [INFO] [UI-SYNC] UI 滞后纠正：IDLE → ACTIVE
2026-07-02 19:51:48,127 [INFO] [状态] ACTIVE → IDLE
2026-07-02 19:51:48,285 [INFO] [UI-SYNC] UI 滞后纠正：ACTIVE → IDLE
2026-07-02 19:51:48,561 [INFO] [状态] IDLE → ACTIVE
2026-07-02 19:51:48,800 [INFO] [UI-SYNC] UI 滞后纠正：IDLE → ACTIVE
2026-07-02 19:51:49,129 [INFO] [状态] ACTIVE → IDLE
2026-07-02 19:51:49,318 [INFO] [UI-SYNC] UI 滞后纠正：ACTIVE → IDLE
2026-07-02 19:51:49,444 [INFO] [状态] IDLE → ACTIVE
2026-07-02 19:51:49,569 [INFO] [UI-SYNC] UI 滞后纠正：IDLE → ACTIVE
2026-07-02 19:53:03,692 [INFO] [配置] 已加载 config.json：{'idle_seconds': 1213, 'whitelist': [], 'hotkey': 'ctrl+win+h'}
2026-07-02 19:53:03,694 [INFO] [启动] 已加载空闲阈值：1213 秒
2026-07-02 19:53:04,067 [INFO] [热键] 全局热键已注册：ctrl+win+h
2026-07-02 19:53:04,078 [INFO] [托盘] 已加载外部图标：C:\Users\Administrator\Desktop\app\app.ico
2026-07-02 19:53:04,079 [INFO] [监听] mouse 监听器已（重新）启动
2026-07-02 19:53:04,079 [INFO] [启动] 空闲 1213 秒后将隐藏桌面图标；右键托盘 "显示控制面板" 可打开设置。
2026-07-02 19:53:04,156 [INFO] [监听] keyboard 监听器已（重新）启动
2026-07-02 19:53:04,279 [INFO] [状态] ACTIVE → IDLE
2026-07-02 19:53:04,280 [INFO] [托盘] 已加载外部图标：C:\Users\Administrator\Desktop\app\app.ico
2026-07-02 19:53:04,556 [INFO] [状态] IDLE → ACTIVE
2026-07-02 19:53:04,597 [INFO] [UI-SYNC] UI 滞后纠正：IDLE → ACTIVE
2026-07-02 19:53:06,886 [INFO] [UPDATE] 当前 1.3.0，服务器最新 1.2.2
2026-07-02 20:20:49,231 [INFO] [配置] 已加载 config.json：{'idle_seconds': 1213, 'whitelist': [], 'hotkey': 'ctrl+win+h', 'schedule_enabled': False, 'schedule_start': '09:00', 'schedule_end': '18:00'}
2026-07-02 20:20:49,231 [INFO] [启动] 已加载空闲阈值：1213 秒
2026-07-02 20:20:49,776 [INFO] [热键] 全局热键已注册：ctrl+win+h
2026-07-02 20:20:49,788 [INFO] [托盘] 已加载外部图标：C:\Users\Administrator\Desktop\app\app.ico
2026-07-02 20:20:49,790 [INFO] [监听] mouse 监听器已（重新）启动
2026-07-02 20:20:49,791 [INFO] [启动] 空闲 1213 秒后将隐藏桌面图标；右键托盘 "显示控制面板" 可打开设置。
2026-07-02 20:20:49,895 [INFO] [监听] keyboard 监听器已（重新）启动
2026-07-02 20:20:49,991 [INFO] [状态] ACTIVE → IDLE
2026-07-02 20:20:49,992 [INFO] [托盘] 已加载外部图标：C:\Users\Administrator\Desktop\app\app.ico
2026-07-02 20:20:50,295 [INFO] [状态] IDLE → ACTIVE
2026-07-02 20:20:50,333 [INFO] [UI-SYNC] UI 滞后纠正：IDLE → ACTIVE
2026-07-02 20:20:52,608 [INFO] [状态] ACTIVE → IDLE
2026-07-02 20:20:52,727 [INFO] [UPDATE] 当前 1.4.0，服务器最新 1.3.0
2026-07-02 20:20:52,856 [INFO] [UI-SYNC] UI 滞后纠正：ACTIVE → IDLE
2026-07-02 20:20:54,506 [INFO] [状态] IDLE → ACTIVE
2026-07-02 20:20:54,635 [INFO] [UI-SYNC] UI 滞后纠正：IDLE → ACTIVE
2026-07-02 20:20:59,421 [INFO] [状态] ACTIVE → IDLE
2026-07-02 20:20:59,458 [INFO] [UI-SYNC] UI 滞后纠正：ACTIVE → IDLE
2026-07-02 20:20:59,541 [INFO] [状态] IDLE → ACTIVE
2026-07-02 20:20:59,709 [INFO] [UI-SYNC] UI 滞后纠正：IDLE → ACTIVE
2026-07-02 20:21:00,222 [INFO] [状态] ACTIVE → IDLE
2026-07-02 20:21:00,222 [INFO] [UI-SYNC] UI 滞后纠正：ACTIVE → IDLE
2026-07-02 20:21:02,384 [INFO] [状态] IDLE → ACTIVE
2026-07-02 20:21:02,498 [INFO] [UI-SYNC] UI 滞后纠正：IDLE → ACTIVE
